"","ACL","ZIP","IP","VMP","NVM","TDM","TDC","TDCH","TEM","TEC","TECH","TNM","TNC","TNCH","TIM","TIC","TICH","CSC","Churn"
"1",128,415,"No","Yes",25,265.1,110,45.07,197.4,99,16.78,244.7,91,11.01,10,3,2.7,1,"NO"
"8",147,415,"Yes","No",0,157,79,26.69,103.1,94,8.76,211.8,96,9.53,7.1,6,1.92,0,"NO"
"10",141,415,"Yes","Yes",37,258.6,84,43.96,222,111,18.87,326.4,97,14.69,11.2,5,3.02,0,"NO"
"13",168,408,"No","No",0,128.8,96,21.9,104.9,71,8.92,141.1,128,6.35,11.2,2,3.02,1,"NO"
"19",76,510,"No","Yes",33,189.7,66,32.25,212.8,65,18.09,165.7,108,7.46,10,5,2.7,1,"NO"
"26",174,415,"No","No",0,124.3,76,21.13,277.1,112,23.55,250.7,115,11.28,15.5,5,4.19,3,"NO"
"29",20,415,"No","No",0,190,109,32.3,258.2,84,21.95,181.5,102,8.17,6.3,6,1.7,0,"NO"
"34",12,408,"No","No",0,249.6,118,42.43,252.4,119,21.45,280.2,90,12.61,11.8,3,3.19,1,"YES"
"36",72,415,"No","Yes",37,220,80,37.4,217.3,102,18.47,152.8,71,6.88,14.7,6,3.97,3,"NO"
"37",36,408,"No","Yes",30,146.3,128,24.87,162.5,80,13.81,129.3,109,5.82,14.5,6,3.92,0,"NO"
"38",78,415,"No","No",0,130.8,64,22.24,223.7,116,19.01,227.8,108,10.25,10,5,2.7,1,"NO"
"50",97,415,"No","Yes",24,133.2,135,22.64,217.2,58,18.46,70.6,79,3.18,11,3,2.97,1,"NO"
"59",68,415,"No","No",0,148.8,70,25.3,246.5,164,20.95,129.8,103,5.84,12.1,3,3.27,3,"NO"
"61",174,408,"No","No",0,192.1,97,32.66,169.9,94,14.44,166.6,54,7.5,11.4,4,3.08,1,"NO"
"63",74,510,"No","Yes",33,193.7,91,32.93,246.1,96,20.92,138,92,6.21,14.6,3,3.94,2,"NO"
"68",113,408,"Yes","No",0,125.2,93,21.28,206.4,119,17.54,129.3,139,5.82,8.3,8,2.24,0,"NO"
"73",147,510,"No","No",0,248.6,83,42.26,148.9,85,12.66,172.5,109,7.76,8,4,2.16,3,"NO"
"87",94,408,"No","No",0,157.9,105,26.84,155,101,13.18,189.6,84,8.53,8,5,2.16,4,"YES"
"88",111,510,"No","No",0,214.3,118,36.43,208.5,76,17.72,182.4,98,8.21,12,2,3.24,1,"NO"
"89",74,415,"No","Yes",35,154.1,104,26.2,123.4,84,10.49,202.1,57,9.09,10.9,9,2.94,2,"NO"
"92",155,415,"No","No",0,203.4,100,34.58,190.9,104,16.23,196,119,8.82,8.9,4,2.4,0,"YES"
"105",122,408,"No","No",0,170.5,94,28.99,173.7,109,14.76,248.6,75,11.19,11.3,2,3.05,1,"NO"
"107",36,510,"No","Yes",29,281.4,102,47.84,202.2,76,17.19,187.2,113,8.42,9,6,2.43,2,"NO"
"109",141,415,"No","Yes",32,148.6,91,25.26,131.1,97,11.14,219.4,142,9.87,10.1,1,2.73,1,"NO"
"113",98,408,"No","No",0,161,117,27.37,190.9,113,16.23,227.7,113,10.25,12.1,4,3.27,4,"NO"
"114",125,408,"No","No",0,126.7,108,21.54,206,90,17.51,247.8,114,11.15,13.3,7,3.59,1,"NO"
"115",63,415,"No","No",0,58.9,125,10.01,169.6,59,14.42,211.4,88,9.51,9.4,3,2.54,1,"NO"
"117",64,510,"No","No",0,162.6,83,27.64,152.3,109,12.95,57.5,122,2.59,14.2,3,3.83,1,"NO"
"120",97,408,"No","No",0,239.8,125,40.77,214.8,111,18.26,143.3,81,6.45,8.7,5,2.35,2,"NO"
"121",46,408,"No","No",0,210.2,92,35.73,227.3,77,19.32,200.1,116,9,13.1,7,3.54,1,"NO"
"122",41,408,"No","Yes",22,213.8,102,36.35,141.8,86,12.05,142.2,123,6.4,7.2,3,1.94,0,"NO"
"129",92,408,"No","No",0,91.7,90,15.59,193.7,123,16.46,175,86,7.88,9.2,4,2.48,2,"NO"
"130",131,408,"No","Yes",36,214.2,115,36.41,161.7,117,13.74,264.7,102,11.91,9.5,4,2.57,3,"NO"
"135",163,408,"No","No",0,197,109,33.49,202.6,128,17.22,206.4,80,9.29,9.1,10,2.46,1,"NO"
"140",113,415,"No","Yes",23,205,101,34.85,152,60,12.92,158.6,59,7.14,10.2,5,2.75,2,"NO"
"145",117,408,"Yes","No",0,167.1,86,28.41,177.5,87,15.09,249.4,132,11.22,14.1,7,3.81,2,"YES"
"147",127,408,"No","No",0,146.7,91,24.94,203.5,78,17.3,203.4,110,9.15,13.7,3,3.7,1,"NO"
"156",151,408,"No","No",0,178.7,116,30.38,292.1,138,24.83,265.9,101,11.97,9.8,4,2.65,0,"NO"
"157",83,415,"No","No",0,337.4,120,57.36,227.4,116,19.33,153.9,114,6.93,15.8,7,4.27,0,"YES"
"168",148,415,"No","No",0,202,102,34.34,243.2,128,20.67,261.3,90,11.76,10.9,3,2.94,1,"NO"
"169",94,408,"No","Yes",38,170.1,124,28.92,193.3,116,16.43,105.9,73,4.77,12.8,4,3.46,1,"NO"
"170",32,510,"No","No",0,230.9,87,39.25,187.4,90,15.93,154,53,6.93,6.3,2,1.7,0,"NO"
"171",68,408,"No","No",0,237.1,105,40.31,223.5,105,19,97.4,79,4.38,13.2,2,3.56,1,"NO"
"177",62,415,"No","No",0,147.1,91,25.01,190.4,107,16.18,195.2,115,8.78,12.2,3,3.29,0,"NO"
"183",67,408,"No","Yes",36,115.6,111,19.65,237.7,94,20.2,169.9,103,7.65,9.9,12,2.67,2,"NO"
"185",170,510,"Yes","No",0,259.9,68,44.18,245,122,20.83,134.4,121,6.05,8.4,3,2.27,3,"NO"
"186",73,415,"No","No",0,214.3,145,36.43,268.5,135,22.82,241.2,92,10.85,10.8,13,2.92,1,"NO"
"187",106,408,"No","No",0,158.7,74,26.98,64.3,139,5.47,198.5,103,8.93,10.2,4,2.75,1,"NO"
"196",117,415,"No","Yes",23,198.1,86,33.68,177,86,15.05,180.5,92,8.12,6.8,6,1.84,1,"NO"
"197",78,415,"No","No",0,149.7,119,25.45,182.2,115,15.49,261.5,126,11.77,9.7,8,2.62,0,"NO"
"203",97,415,"No","No",0,218,86,37.06,184,94,15.64,240.5,110,10.82,6.4,8,1.73,3,"NO"
"206",66,415,"No","Yes",36,106.7,76,18.14,209.8,77,17.83,190.4,117,8.57,12.1,2,3.27,1,"NO"
"209",106,510,"No","No",0,213.9,95,36.36,151.9,70,12.91,260.1,124,11.7,12.2,5,3.29,3,"NO"
"212",144,510,"Yes","No",0,203.5,100,34.6,247.6,103,21.05,194.3,94,8.74,11.9,11,3.21,0,"NO"
"214",86,408,"No","Yes",31,167.6,139,28.49,113,118,9.61,246.9,121,11.11,12.2,6,3.29,1,"NO"
"218",120,415,"No","No",0,180,80,30.6,224.2,82,19.06,265.4,91,11.94,4.7,7,1.27,3,"NO"
"224",35,408,"No","No",0,149.3,113,25.38,242.2,122,20.59,174.3,104,7.84,8.9,6,2.4,2,"NO"
"225",88,408,"No","No",0,65.4,97,11.12,168.2,76,14.3,236,113,10.62,13.8,1,3.73,2,"NO"
"233",100,415,"No","No",0,203.1,96,34.53,217,126,18.45,180.9,122,8.14,13.5,2,3.65,3,"NO"
"234",53,415,"No","No",0,168.8,97,28.7,220.3,87,18.73,154.3,113,6.94,10.9,2,2.94,0,"NO"
"240",73,415,"No","No",0,192.2,86,32.67,168.6,116,14.33,139.8,87,6.29,9.4,6,2.54,1,"NO"
"241",138,510,"No","No",0,220.2,89,37.43,88.3,125,7.51,195.3,79,8.79,12.9,5,3.48,0,"NO"
"272",117,415,"No","No",0,134.7,121,22.9,180,83,15.3,200.9,104,9.04,7.7,3,2.08,1,"NO"
"273",49,415,"No","Yes",28,214.4,78,36.45,235.2,100,19.99,206.2,107,9.28,8,13,2.16,3,"NO"
"274",139,415,"No","No",0,192.8,104,32.78,234.4,96,19.92,203.2,101,9.14,13,3,3.51,3,"NO"
"279",131,415,"No","Yes",25,192.7,85,32.76,225.9,105,19.2,254.2,59,11.44,10.9,6,2.94,2,"NO"
"281",143,415,"No","No",0,172.3,97,29.29,174,108,14.79,188.2,119,8.47,13,4,3.51,2,"NO"
"287",137,510,"No","No",0,206.4,122,35.09,128,102,10.88,194.5,84,8.75,8.8,5,2.38,2,"NO"
"289",167,510,"No","No",0,207.6,88,35.29,132.4,63,11.25,255.2,98,11.48,14.1,5,3.81,0,"NO"
"292",132,510,"No","No",0,99.5,110,16.92,129.1,80,10.97,125.1,124,5.63,9.7,3,2.62,0,"NO"
"294",96,415,"No","Yes",37,172.7,93,29.36,120.1,116,10.21,216.1,86,9.72,10.3,5,2.78,5,"YES"
"296",166,510,"No","No",0,204.2,115,34.71,179.9,152,15.29,216.8,109,9.76,9.5,5,2.57,1,"NO"
"303",121,408,"No","No",0,170.4,108,28.97,350.5,68,29.79,297,87,13.37,11.2,3,3.02,0,"YES"
"307",113,415,"No","No",0,272.1,111,46.26,268.5,118,22.82,213.8,105,9.62,8.5,10,2.3,1,"YES"
"313",16,510,"No","No",0,205.6,69,34.95,169.5,93,14.41,220.1,64,9.9,10.9,3,2.94,0,"NO"
"316",39,408,"No","No",0,60.4,158,10.27,306.2,120,26.03,123.9,46,5.58,12.4,3,3.35,1,"NO"
"317",103,415,"No","Yes",28,121,105,20.57,270.4,100,22.98,160.5,76,7.22,7.7,4,2.08,2,"NO"
"320",128,510,"Yes","Yes",32,223.5,81,38,188.8,74,16.05,154.9,101,6.97,9.4,2,2.54,2,"YES"
"321",86,510,"No","No",0,176.3,79,29.97,259.2,97,22.03,287.4,78,12.93,6.2,3,1.67,0,"NO"
"322",114,415,"No","Yes",32,125.2,79,21.28,177.8,105,15.11,232.4,89,10.46,12.9,3,3.48,1,"NO"
"324",148,415,"No","No",0,86.3,134,14.67,246.6,92,20.96,251.6,91,11.32,11.3,4,3.05,1,"NO"
"325",129,408,"No","No",0,207,91,35.19,154.9,121,13.17,245.1,112,11.03,13.4,5,3.62,3,"NO"
"329",76,510,"No","No",0,198.3,130,33.71,217.1,86,18.45,188.4,96,8.48,12.5,3,3.38,0,"NO"
"331",116,510,"No","No",0,192.1,98,32.66,312.9,135,26.6,130.2,94,5.86,7.9,2,2.13,3,"NO"
"337",99,510,"No","No",0,169.2,70,28.76,271.5,77,23.08,170.2,104,7.66,10.6,2,2.86,0,"NO"
"339",77,510,"No","No",0,233.8,104,39.75,266.5,94,22.65,212.7,104,9.57,7.6,3,2.05,2,"NO"
"348",162,510,"No","No",0,220.6,117,37.5,155.2,121,13.19,186.7,89,8.4,10.5,11,2.84,1,"NO"
"351",59,510,"No","No",0,182.5,104,31.03,204.7,95,17.4,229.9,100,10.35,11.3,8,3.05,4,"NO"
"352",179,415,"Yes","Yes",38,220.1,78,37.42,234.3,71,19.92,237.3,85,10.68,10.1,4,2.73,4,"NO"
"357",124,408,"Yes","No",0,244.6,89,41.58,188.8,80,16.05,206,114,9.27,11.3,4,3.05,1,"NO"
"359",37,408,"Yes","Yes",39,149.7,122,25.45,211.1,75,17.94,114.3,90,5.14,9.2,4,2.48,1,"NO"
"378",79,408,"No","No",0,205.7,123,34.97,214.5,108,18.23,226.1,106,10.17,6.7,18,1.81,1,"NO"
"379",95,415,"Yes","No",0,165.5,84,28.14,286.2,112,24.33,198.9,89,8.95,11.5,2,3.11,1,"YES"
"381",137,510,"No","No",0,242.1,118,41.16,191,93,16.24,218.6,50,9.84,14.7,2,3.97,3,"NO"
"387",99,415,"No","No",0,146.7,64,24.94,274,99,23.29,321.3,98,14.46,8.9,1,2.4,3,"NO"
"388",54,510,"No","No",0,210.5,102,35.79,204.5,83,17.38,127.8,53,5.75,8.5,5,2.3,1,"NO"
"390",150,510,"No","No",0,126,99,21.42,238.5,73,20.27,285.1,100,12.83,10.2,6,2.75,3,"NO"
"393",98,415,"No","No",0,206.5,92,35.11,176.2,152,14.98,232.8,115,10.48,12.4,5,3.35,5,"NO"
"405",73,415,"No","No",0,183.4,80,31.18,242,115,20.57,201.4,100,9.06,7.5,3,2.03,4,"NO"
"417",224,510,"Yes","No",0,171.5,99,29.16,160,103,13.6,212.4,102,9.56,5,2,1.35,1,"YES"
"422",51,510,"No","No",0,259.9,114,44.18,176.2,94,14.98,77.2,112,3.47,15.3,1,4.13,1,"NO"
"425",112,415,"No","Yes",16,221.6,110,37.67,130.2,123,11.07,200,108,9,11.3,3,3.05,1,"NO"
"428",67,415,"No","Yes",40,104.9,65,17.83,216.3,93,18.39,217.4,128,9.78,9.6,9,2.59,1,"NO"
"431",46,510,"No","No",0,250.3,100,42.55,260.6,90,22.15,195,104,8.78,13.3,2,3.59,2,"YES"
"432",148,415,"No","No",0,178.3,98,30.31,282.6,110,24.02,181,98,8.15,11.4,4,3.08,1,"NO"
"433",112,510,"No","No",0,243.4,77,41.38,182.1,97,15.48,259.2,94,11.66,12.8,2,3.46,1,"NO"
"445",85,408,"Yes","No",0,165.4,107,28.12,196,126,16.66,349.2,110,15.71,9.6,7,2.59,2,"NO"
"446",70,510,"No","No",0,59.5,103,10.12,257.2,106,21.86,208.3,86,9.37,11.1,6,3,0,"NO"
"449",75,415,"No","No",0,117.3,114,19.94,201.1,61,17.09,107.9,82,4.86,12.2,3,3.29,1,"NO"
"457",60,415,"No","No",0,98.2,88,16.69,180.5,69,15.34,223.6,69,10.06,9.3,2,2.51,2,"NO"
"459",11,415,"No","Yes",28,190.6,86,32.4,220.1,122,18.71,180.3,80,8.11,6,3,1.62,3,"NO"
"462",115,408,"No","No",0,147.9,109,25.14,228.4,117,19.41,299.7,90,13.49,9.6,9,2.59,3,"NO"
"466",71,415,"Yes","No",0,178.2,113,30.29,167.8,94,14.26,182.1,111,8.19,13.6,3,3.67,3,"YES"
"468",112,415,"No","No",0,170.4,103,28.97,200.2,71,17.02,258.3,100,11.62,11.6,4,3.13,1,"NO"
"471",44,415,"No","No",0,240.3,146,40.85,164.6,83,13.99,240.7,106,10.83,10.6,2,2.86,1,"NO"
"480",99,408,"No","No",0,190.4,102,32.37,158.1,107,13.44,271.5,92,12.22,11.2,4,3.02,2,"NO"
"481",166,408,"No","No",0,181.4,108,30.84,253.8,54,21.57,112.3,94,5.05,11.6,6,3.13,1,"NO"
"482",124,408,"No","No",0,151.1,123,25.69,187.4,104,15.93,255.4,93,11.49,5.3,3,1.43,1,"NO"
"484",117,510,"No","No",0,149.9,95,25.48,256.1,110,21.77,212.7,92,9.57,13.3,13,3.59,2,"NO"
"487",102,510,"Yes","No",0,233.8,103,39.75,221.6,131,18.84,146.9,106,6.61,12.8,3,3.46,0,"NO"
"490",130,415,"No","No",0,150.4,119,25.57,230.5,99,19.59,186.3,76,8.38,12.3,4,3.32,1,"NO"
"495",18,408,"No","No",0,273.6,93,46.51,114.6,116,9.74,250.6,120,11.28,8.2,4,2.21,1,"NO"
"498",144,415,"No","No",0,177.5,93,30.18,287.4,75,24.43,180.5,118,8.12,11.9,3,3.21,2,"NO"
"499",75,408,"Yes","No",0,211.3,61,35.92,105.6,119,8.98,175.9,63,7.92,9.7,4,2.62,4,"YES"
"500",95,415,"No","No",0,175.2,91,29.78,244.4,109,20.77,75.8,95,3.41,7.5,2,2.03,1,"NO"
"504",109,415,"Yes","Yes",26,217.2,138,36.92,145.5,111,12.37,280.7,76,12.63,9.3,3,2.51,0,"NO"
"505",80,510,"No","No",0,206.3,97,35.07,154.9,98,13.17,263.6,82,11.86,12.4,12,3.35,0,"NO"
"509",143,408,"No","Yes",24,186.6,69,31.72,222,116,18.87,234.9,138,10.57,11.6,5,3.13,1,"NO"
"511",193,408,"No","Yes",17,124,102,21.08,202.9,81,17.25,205.1,129,9.23,12.3,3,3.32,1,"NO"
"512",73,415,"No","No",0,198.3,94,33.71,279.3,101,23.74,146.2,87,6.58,14.8,8,4,3,"NO"
"517",96,510,"No","No",0,98.2,100,16.69,307.2,88,26.11,182.5,120,8.21,7.6,1,2.05,2,"NO"
"519",87,415,"No","No",0,168.2,92,28.59,224.7,100,19.1,169.5,99,7.63,12.9,3,3.48,1,"NO"
"527",30,510,"No","No",0,227.4,88,38.66,182.5,100,15.51,191.7,134,8.63,12.5,3,3.38,0,"NO"
"532",77,415,"No","No",0,163,112,27.71,219.1,89,18.62,233.4,66,10.5,6.7,3,1.81,2,"NO"
"535",67,510,"No","No",0,310.4,97,52.77,66.5,123,5.65,246.5,99,11.09,9.2,10,2.48,4,"NO"
"540",59,408,"No","No",0,107.8,113,18.33,216.6,125,18.41,217.5,92,9.79,9.9,3,2.67,2,"NO"
"542",150,415,"No","Yes",29,209.9,77,35.68,158,52,13.43,141.9,113,6.39,6.6,1,1.78,0,"NO"
"551",111,415,"No","No",0,172.8,58,29.38,183.1,108,15.56,158.8,104,7.15,7.9,3,2.13,4,"YES"
"552",157,415,"No","No",0,224.5,111,38.17,200.7,99,17.06,116.6,118,5.25,11.5,2,3.11,2,"NO"
"553",44,510,"No","No",0,288.1,112,48.98,258,92,21.93,192.4,90,8.66,10.2,4,2.75,3,"YES"
"556",74,415,"No","Yes",25,194.6,84,33.08,119.9,103,10.19,175.5,75,7.9,13.1,2,3.54,2,"NO"
"562",53,408,"No","Yes",18,146.8,107,24.96,310,84,26.35,178.7,130,8.04,7.2,7,1.94,0,"NO"
"563",99,408,"No","Yes",28,200.7,88,34.12,264.2,116,22.46,172.7,102,7.77,9.1,5,2.46,1,"NO"
"573",44,415,"Yes","No",0,62.3,92,10.59,275,82,23.38,138.7,108,6.24,10.8,3,2.92,1,"NO"
"588",114,415,"No","No",0,169.6,85,28.83,58.9,86,5.01,179.3,124,8.07,7.4,8,2,1,"NO"
"589",101,408,"No","No",0,89.7,118,15.25,260.1,79,22.11,170.1,93,7.65,13.5,11,3.65,5,"YES"
"591",109,408,"No","No",0,218.9,105,37.21,299.9,87,25.49,158.6,110,7.14,11.3,4,3.05,2,"NO"
"596",87,408,"No","Yes",28,151.4,95,25.74,152.4,97,12.95,250.1,109,11.25,0,0,0,1,"NO"
"598",39,408,"No","No",0,160.4,68,27.27,102.6,103,8.72,235.3,106,10.59,9.1,5,2.46,2,"NO"
"606",112,415,"No","No",0,335.5,77,57.04,212.5,109,18.06,265,132,11.93,12.7,8,3.43,2,"YES"
"609",28,415,"No","No",0,187.8,94,31.93,248.6,86,21.13,208.8,124,9.4,10.6,5,2.86,0,"NO"
"613",151,510,"No","No",0,156.4,108,26.59,233.4,118,19.84,195.7,141,8.81,7.7,6,2.08,4,"NO"
"624",172,415,"No","No",0,215.7,140,36.67,146.3,84,12.44,264.6,83,11.91,7.1,1,1.92,3,"NO"
"627",95,408,"Yes","Yes",37,220.2,109,37.43,185.3,99,15.75,205.1,82,9.23,4.1,2,1.11,0,"YES"
"637",121,408,"No","No",0,150.7,105,25.62,197.3,133,16.77,169,116,7.61,9.2,15,2.48,1,"NO"
"644",49,415,"No","No",0,213.8,79,36.35,265.1,93,22.53,239.8,128,10.79,15.6,7,4.21,0,"NO"
"646",50,415,"No","Yes",22,252.9,112,42.99,177.9,99,15.12,158.4,146,7.13,8.5,4,2.3,3,"NO"
"647",153,408,"No","Yes",28,235.6,74,40.05,227.9,37,19.37,170.3,103,7.66,15.4,9,4.16,0,"NO"
"651",140,415,"No","No",0,235.5,81,40.04,257.2,130,21.86,103.1,111,4.64,11.5,4,3.11,2,"NO"
"655",96,510,"No","Yes",31,183.4,126,31.18,195.5,106,16.62,180.1,93,8.1,10.5,5,2.84,1,"NO"
"657",55,415,"No","No",0,175.6,147,29.85,161.8,118,13.75,289.5,55,13.03,9.3,4,2.51,0,"NO"
"658",130,415,"No","No",0,242.5,101,41.23,102.8,114,8.74,142.4,89,6.41,9.3,2,2.51,2,"NO"
"660",139,415,"No","No",0,138.1,103,23.48,164.5,100,13.98,134.9,63,6.07,8.3,2,2.24,1,"NO"
"661",109,408,"No","No",0,264.7,69,45,305,120,25.93,197.4,86,8.88,9.5,9,2.57,1,"YES"
"662",65,408,"No","Yes",31,282.3,70,47.99,152,89,12.92,225.5,93,10.15,12,4,3.24,1,"NO"
"664",152,415,"No","No",0,197.1,126,33.51,130.1,76,11.06,78.1,100,3.51,7.4,4,2,3,"NO"
"665",147,408,"No","No",0,205.3,95,34.9,166.7,128,14.17,240.6,84,10.83,7.8,4,2.11,1,"NO"
"667",120,415,"No","No",0,252,120,42.84,150.2,106,12.77,151.8,96,6.83,9.6,1,2.59,2,"NO"
"672",3,415,"No","Yes",36,118.1,117,20.08,221.5,125,18.83,103.9,89,4.68,11.9,6,3.21,2,"NO"
"677",42,408,"No","No",0,241.2,134,41,116.5,114,9.9,152.2,91,6.85,10.6,4,2.86,0,"NO"
"680",75,415,"Yes","No",0,222.4,78,37.81,327,111,27.8,208,104,9.36,8.7,9,2.35,1,"YES"
"681",116,510,"No","No",0,189.5,90,32.22,189.8,118,16.13,205.8,83,9.26,13.1,2,3.54,1,"NO"
"685",110,408,"No","No",0,100.1,90,17.02,233.3,93,19.83,204.4,57,9.2,11.1,8,3,3,"NO"
"686",63,415,"No","Yes",32,30.9,113,5.25,187,113,15.9,230.8,101,10.39,8.6,7,2.32,1,"NO"
"692",137,510,"No","No",0,147.2,119,25.02,192.8,91,16.39,172.7,105,7.77,10.2,4,2.75,1,"NO"
"699",37,415,"No","No",0,206,89,35.02,186,88,15.81,307.1,86,13.82,8.4,11,2.27,0,"NO"
"702",94,415,"No","No",0,139.4,95,23.7,159.1,92,13.52,128.2,129,5.77,7.7,3,2.08,0,"NO"
"718",67,415,"No","No",0,210.7,116,35.82,219.2,86,18.63,179.7,83,8.09,7.2,6,1.94,1,"NO"
"720",78,510,"No","No",0,190.3,88,32.35,194.5,89,16.53,256.5,109,11.54,11.7,5,3.16,2,"NO"
"733",48,510,"No","No",0,300.4,94,51.07,133.2,103,11.32,197.4,94,8.88,7.2,5,1.94,2,"NO"
"735",93,415,"Yes","Yes",20,187.5,110,31.88,169.8,94,14.43,175.3,127,7.89,12.1,4,3.27,1,"NO"
"740",101,510,"No","No",0,190.7,72,32.42,208.6,103,17.73,203.8,111,9.17,8.8,8,2.38,1,"NO"
"742",66,415,"No","No",0,34,133,5.78,278.6,61,23.68,129.6,120,5.83,11.5,3,3.11,0,"NO"
"744",158,408,"No","No",0,202,126,34.34,163.5,86,13.9,195.4,84,8.79,10.4,6,2.81,1,"NO"
"746",119,415,"No","Yes",26,161.3,97,27.42,250.3,110,21.28,142.4,92,6.41,6.6,8,1.78,1,"NO"
"747",120,415,"No","No",0,150.6,85,25.6,119,128,10.12,232.9,123,10.48,6.4,2,1.73,1,"NO"
"748",155,510,"No","No",0,184.6,102,31.38,196,117,16.66,226.5,122,10.19,7.8,1,2.11,1,"NO"
"752",101,415,"No","Yes",29,121.1,116,20.59,186.4,100,15.84,241.7,75,10.88,10.1,6,2.73,0,"NO"
"753",22,510,"No","Yes",23,182.1,94,30.96,164.6,59,13.99,128.8,102,5.8,12.7,4,3.43,3,"NO"
"765",120,415,"No","Yes",31,153.5,83,26.1,219.1,96,18.62,237.4,76,10.68,11.4,4,3.08,0,"NO"
"766",113,415,"No","No",0,187.6,97,31.89,208.2,118,17.7,158.9,101,7.15,8.7,6,2.35,2,"NO"
"769",74,415,"No","No",0,230.9,93,39.25,223,78,18.96,157.8,101,7.1,9.7,2,2.62,3,"NO"
"771",179,415,"No","No",0,170.7,54,29.02,191.1,108,16.24,214.6,107,9.66,13.3,4,3.59,1,"NO"
"773",77,510,"No","No",0,189.5,112,32.22,207,95,17.6,214.1,91,9.63,9.2,7,2.48,0,"NO"
"780",167,408,"Yes","No",0,219.1,100,37.25,242.9,90,20.65,168.9,101,7.6,10.1,4,2.73,2,"NO"
"787",85,408,"No","No",0,209.8,82,35.67,194.5,94,16.53,200.4,85,9.02,11.3,3,3.05,0,"NO"
"800",100,415,"No","Yes",26,153.7,115,26.13,137.8,146,11.71,213.5,104,9.61,15.9,5,4.29,1,"NO"
"803",84,510,"No","No",0,191,88,32.47,318.8,119,27.1,247.3,79,11.13,6.5,4,1.76,0,"NO"
"804",134,408,"No","No",0,208.3,86,35.41,253.6,89,21.56,291,86,13.1,12.6,3,3.4,1,"NO"
"812",58,510,"No","No",0,234.8,89,39.92,106.8,131,9.08,178.5,122,8.03,9.9,6,2.67,0,"NO"
"818",243,510,"No","No",0,95.5,92,16.24,163.7,63,13.91,264.2,118,11.89,6.6,6,1.78,2,"NO"
"819",153,408,"No","No",0,185.3,127,31.5,208,73,17.68,206.1,124,9.27,15.1,3,4.08,1,"NO"
"821",92,510,"No","Yes",16,184,99,31.28,76.4,134,6.49,185.1,96,8.33,12.7,3,3.43,2,"NO"
"835",104,415,"No","No",0,76.4,116,12.99,115.6,74,9.83,226.3,94,10.18,9.4,3,2.54,3,"NO"
"839",107,510,"No","Yes",28,201.8,79,34.31,304.9,128,25.92,225.6,133,10.15,11.9,8,3.21,1,"NO"
"844",102,408,"No","No",0,224.7,81,38.2,129.4,112,11,167.6,109,7.54,15.8,6,4.27,1,"NO"
"848",70,415,"No","Yes",31,125.9,101,21.4,196.4,102,16.69,252.7,75,11.37,10.3,4,2.78,1,"NO"
"851",166,408,"No","No",0,274.3,110,46.63,52.9,109,4.5,246.1,119,11.07,10.9,5,2.94,0,"NO"
"852",136,408,"Yes","No",0,199.6,89,33.93,211.4,96,17.97,72.4,84,3.26,11,4,2.97,3,"YES"
"854",70,415,"No","No",0,134.7,96,22.9,235.9,90,20.05,260.2,113,11.71,7.6,6,2.05,3,"NO"
"857",104,408,"No","No",0,183.6,133,31.21,120.7,98,10.26,215.1,112,9.68,12.7,2,3.43,1,"NO"
"868",86,510,"No","No",0,141.3,72,24.02,154.3,95,13.12,210.6,91,9.48,8.2,5,2.21,1,"NO"
"871",123,408,"No","No",0,105,150,17.85,251.6,90,21.39,258,93,11.61,14.9,5,4.02,0,"NO"
"876",132,415,"No","Yes",15,154.6,128,26.28,245.6,106,20.88,148.6,90,6.69,9.1,4,2.46,1,"NO"
"881",32,408,"No","No",0,171.2,82,29.1,185.6,102,15.78,203.3,64,9.15,10.2,7,2.75,1,"NO"
"882",86,510,"No","No",0,124.1,82,21.1,202.6,120,17.22,289.6,119,13.03,6.7,8,1.81,3,"NO"
"883",130,415,"No","No",0,162.8,113,27.68,290.3,111,24.68,114.9,140,5.17,7.2,3,1.94,1,"NO"
"885",73,415,"No","No",0,254.8,85,43.32,143.4,80,12.19,153.9,102,6.93,15,7,4.05,2,"NO"
"892",87,510,"No","No",0,110.9,91,18.85,158.5,115,13.47,207.5,131,9.34,6.2,5,1.67,1,"NO"
"898",108,408,"No","Yes",35,215.9,106,36.7,200.6,107,17.05,195.4,107,8.79,15.5,7,4.19,0,"NO"
"899",125,415,"No","No",0,140.1,132,23.82,209.6,126,17.82,264.1,77,11.88,8,2,2.16,1,"NO"
"900",89,415,"No","Yes",32,209.9,113,35.68,249.8,104,21.23,224.2,92,10.09,8.7,7,2.35,1,"NO"
"901",72,510,"Yes","Yes",29,139.8,114,23.77,138.2,91,11.75,221,88,9.95,5.5,6,1.49,0,"NO"
"909",23,408,"No","No",0,190.2,89,32.33,166.4,108,14.14,219.8,73,9.89,15,4,4.05,6,"NO"
"915",179,510,"No","No",0,287.3,123,48.84,288,114,24.48,266,112,11.97,10.5,4,2.84,0,"YES"
"924",1,415,"No","No",0,144.8,107,24.62,112.5,66,9.56,218.7,79,9.84,13.8,3,3.73,1,"NO"
"929",205,510,"No","Yes",24,175.8,139,29.89,155,98,13.18,180.7,64,8.13,7.8,5,2.11,2,"NO"
"930",24,415,"No","No",0,241.9,104,41.12,145.2,112,12.34,214.5,105,9.65,6.6,5,1.78,1,"NO"
"940",56,408,"No","No",0,91.1,90,15.49,179.3,115,15.24,300.7,89,13.53,11.9,8,3.21,2,"NO"
"942",63,510,"No","No",0,153.5,81,26.1,287.3,115,24.42,230.2,85,10.36,6.5,5,1.76,2,"NO"
"944",132,510,"No","No",0,191.9,107,32.62,206.9,127,17.59,272,88,12.24,12.6,2,3.4,1,"NO"
"947",46,408,"No","No",0,257.4,67,43.76,261.1,91,22.19,204.4,107,9.2,13.4,5,3.62,2,"YES"
"948",150,415,"No","Yes",28,174.4,75,29.65,169.9,80,14.44,201.6,130,9.07,11,4,2.97,1,"NO"
"952",101,415,"No","No",0,153.8,89,26.15,234,89,19.89,196.3,77,8.83,11.6,2,3.13,4,"NO"
"956",114,415,"No","Yes",34,154.4,109,26.25,221.4,142,18.82,208.5,103,9.38,10.3,5,2.78,0,"NO"
"958",144,415,"Yes","No",0,150,69,25.5,285.9,73,24.3,190.6,121,8.58,9.4,15,2.54,0,"NO"
"959",91,510,"No","Yes",23,232.4,97,39.51,186,88,15.81,190.5,128,8.57,12.3,3,3.32,3,"NO"
"961",5,415,"No","No",0,199.2,106,33.86,187.3,12,15.92,214,85,9.63,13.3,3,3.59,3,"NO"
"967",48,510,"No","Yes",22,152,63,25.84,258.8,131,22,263.2,109,11.84,15.7,5,4.24,2,"YES"
"969",122,408,"No","Yes",33,174.9,103,29.73,248.2,105,21.1,164.6,116,7.41,13.5,3,3.65,1,"YES"
"983",84,415,"No","Yes",33,159.1,106,27.05,149.8,101,12.73,213.4,108,9.6,13,18,3.51,1,"NO"
"984",92,510,"No","No",0,212.4,105,36.11,224.6,118,19.09,221.3,105,9.96,9,4,2.43,1,"NO"
"990",178,408,"No","No",0,275.4,150,46.82,187.5,62,15.94,147.1,126,6.62,13.6,3,3.67,1,"NO"
"991",38,415,"No","Yes",31,197.2,118,33.52,249.9,70,21.24,298.9,104,13.45,3.9,2,1.05,0,"NO"
"994",70,510,"No","No",0,126.3,99,21.47,141.6,106,12.04,255.9,96,11.52,9.6,2,2.59,0,"NO"
"997",179,510,"No","No",0,116.1,101,19.74,201.8,99,17.15,181.9,103,8.19,11.6,5,3.13,0,"NO"
"999",59,510,"No","No",0,179.4,80,30.5,232.5,99,19.76,175.8,105,7.91,14.7,3,3.97,0,"NO"
"1000",165,415,"No","No",0,207.7,109,35.31,164.8,94,14.01,54.5,91,2.45,7.9,3,2.13,0,"NO"
"1001",133,408,"No","No",0,277.3,138,47.14,228.4,117,19.41,117.3,103,5.28,12.8,4,3.46,2,"YES"
"1003",93,408,"No","Yes",32,138.1,91,23.48,167.3,72,14.22,238.9,115,10.75,6.8,3,1.84,2,"NO"
"1006",12,510,"Yes","No",0,216.7,117,36.84,116.5,126,9.9,220,110,9.9,9.8,4,2.65,2,"NO"
"1015",102,415,"No","No",0,114.8,125,19.52,81.9,126,6.96,304.3,101,13.69,12,4,3.24,0,"NO"
"1018",132,415,"No","No",0,176.7,132,30.04,244.1,80,20.75,176.3,120,7.93,9.1,4,2.46,2,"NO"
"1025",146,510,"Yes","No",0,133,65,22.61,262.8,93,22.34,214.3,128,9.64,11.2,3,3.02,1,"NO"
"1028",161,510,"Yes","No",0,194.2,106,33.01,249.4,105,21.2,254.9,129,11.47,12.9,1,3.48,1,"YES"
"1029",70,415,"No","No",0,222.8,114,37.88,215.9,113,18.35,223.5,122,10.06,0,0,0,1,"NO"
"1047",158,510,"No","No",0,220.9,129,37.55,242.2,108,20.59,233.3,75,10.5,6.4,5,1.73,0,"NO"
"1049",85,510,"No","No",0,212.3,107,36.09,228.4,103,19.41,163.3,116,7.35,7.7,3,2.08,0,"NO"
"1056",161,415,"No","No",0,178.1,109,30.28,146.5,86,12.45,137.6,78,6.19,8.5,2,2.3,1,"NO"
"1058",86,415,"No","Yes",38,123,158,20.91,133.9,119,11.38,138.2,103,6.22,13.3,4,3.59,1,"NO"
"1060",174,415,"No","No",0,239.2,72,40.66,188.5,124,16.02,105.6,116,4.75,8.8,3,2.38,1,"NO"
"1063",190,415,"No","Yes",26,116.7,71,19.84,145.9,88,12.4,175.1,103,7.88,9.9,3,2.67,1,"NO"
"1066",68,415,"No","Yes",29,239.5,82,40.72,203.8,105,17.32,167.8,70,7.55,9.9,6,2.67,0,"NO"
"1068",118,408,"No","No",0,187.4,97,31.86,177.8,89,15.11,233.4,97,10.5,12.2,6,3.29,1,"NO"
"1070",22,510,"No","No",0,160.4,108,27.27,218.1,88,18.54,192.9,115,8.68,12.5,4,3.38,1,"NO"
"1071",75,415,"No","No",0,143.2,92,24.34,209.1,142,17.77,173,96,7.79,11.9,9,3.21,1,"NO"
"1074",44,510,"No","No",0,143.2,77,24.34,169.8,114,14.43,215.8,77,9.71,7.6,4,2.05,1,"NO"
"1079",80,408,"No","No",0,322.3,113,54.79,222,95,18.87,162.8,123,7.33,6.7,8,1.81,0,"YES"
"1088",109,408,"No","No",0,217,115,36.89,207,142,17.6,268,106,12.06,8.2,4,2.21,1,"NO"
"1091",131,510,"No","No",0,153.4,86,26.08,198.5,81,16.87,164.4,83,7.4,10.4,3,2.81,0,"NO"
"1092",59,510,"No","No",0,166.3,95,28.27,239.3,87,20.34,123.2,108,5.54,10,3,2.7,2,"NO"
"1093",148,408,"No","No",0,185.2,87,31.48,170.4,96,14.48,165.1,104,7.43,9.5,13,2.57,1,"NO"
"1095",115,415,"No","No",0,245.2,105,41.68,159,109,13.52,229.9,74,10.35,7.2,8,1.94,0,"NO"
"1097",93,415,"No","No",0,98.4,78,16.73,249.6,129,21.22,248.2,114,11.17,14.2,4,3.83,1,"NO"
"1104",52,415,"No","No",0,165.5,78,28.14,205.5,89,17.47,213.6,124,9.61,12.2,6,3.29,0,"NO"
"1106",135,510,"No","Yes",28,201.4,100,34.24,246.5,117,20.95,154.8,131,6.97,12.9,4,3.48,2,"YES"
"1109",151,510,"No","No",0,235.9,104,40.1,80.6,91,6.85,212.8,116,9.58,5.8,2,1.57,3,"NO"
"1115",108,408,"No","Yes",15,165.1,85,28.07,267,93,22.7,250.7,114,11.28,10.9,4,2.94,1,"NO"
"1118",136,408,"Yes","No",0,199.2,122,33.86,214.7,114,18.25,150.9,105,6.79,11.8,7,3.19,1,"NO"
"1120",189,415,"No","No",0,208.3,106,35.41,236.7,123,20.12,179.1,120,8.06,11.3,5,3.05,3,"NO"
"1130",71,415,"No","No",0,103.3,103,17.56,138.5,79,11.77,164.8,98,7.42,9,2,2.43,2,"NO"
"1133",83,415,"No","Yes",37,78.5,109,13.35,210.5,101,17.89,179.7,102,8.09,11.8,4,3.19,1,"NO"
"1139",46,408,"No","No",0,139.4,81,23.7,223.7,113,19.01,173.1,77,7.79,13.6,6,3.67,1,"NO"
"1140",127,510,"No","No",0,220.2,108,37.43,188.4,124,16.01,172.7,113,7.77,11.7,3,3.16,2,"NO"
"1141",9,415,"No","Yes",39,214.1,108,36.4,169.2,115,14.38,189.7,117,8.54,10.1,3,2.73,1,"NO"
"1144",105,415,"No","Yes",29,179.4,113,30.5,275.4,100,23.41,246.1,105,11.07,10,5,2.7,0,"NO"
"1153",16,408,"No","No",0,209.5,89,35.62,172.8,85,14.69,94.1,102,4.23,8.8,4,2.38,1,"NO"
"1155",76,408,"No","Yes",26,214.6,110,36.48,205.2,87,17.44,134.6,140,6.06,8.1,2,2.19,1,"NO"
"1164",157,510,"No","Yes",30,194.3,107,33.03,243.2,108,20.67,322.2,114,14.5,7.1,5,1.92,1,"NO"
"1166",50,415,"Yes","Yes",26,307.1,94,52.21,289.4,78,24.6,174.9,109,7.87,8,3,2.16,0,"NO"
"1167",72,415,"No","No",0,118.2,106,20.09,167.2,136,14.21,214.2,106,9.64,12.2,3,3.29,3,"NO"
"1174",109,408,"No","No",0,222.2,113,37.77,218.5,122,18.57,266,88,11.97,10.9,5,2.94,1,"NO"
"1183",172,408,"No","No",0,287.1,108,48.81,178.4,125,15.16,153.2,98,6.89,14.4,2,3.89,3,"YES"
"1201",100,415,"No","Yes",25,215.9,90,36.7,257.9,92,21.92,180.2,157,8.11,11.6,4,3.13,1,"NO"
"1204",155,408,"No","Yes",39,183.3,106,31.16,205.1,101,17.43,263.7,90,11.87,5.1,7,1.38,1,"NO"
"1207",92,510,"No","Yes",25,134,112,22.78,206,111,17.51,180.6,118,8.13,9.7,4,2.62,0,"NO"
"1209",154,415,"No","No",0,191.4,93,32.54,205.4,119,17.46,205.7,121,9.26,10.2,3,2.75,3,"NO"
"1210",144,510,"Yes","Yes",35,174.8,127,29.72,219.6,93,18.67,255.8,90,11.51,12.8,3,3.46,0,"NO"
"1211",48,408,"No","No",0,275.2,67,46.78,180.2,108,15.32,159,110,7.15,7.9,2,2.13,1,"NO"
"1214",126,415,"No","No",0,228.7,102,38.88,168.7,99,14.34,223.5,100,10.06,11.8,4,3.19,1,"NO"
"1215",122,415,"No","No",0,107.9,88,18.34,235.8,109,20.04,228.6,119,10.29,9.5,3,2.57,2,"NO"
"1230",177,408,"No","No",0,84.9,77,14.43,257.5,109,21.89,210.5,66,9.47,7.5,5,2.03,2,"NO"
"1231",91,510,"No","No",0,217.9,71,37.04,230.1,116,19.56,232.1,110,10.44,10.6,2,2.86,1,"NO"
"1233",24,510,"No","No",0,243,91,41.31,183.9,77,15.63,184.3,109,8.29,15.3,6,4.13,0,"YES"
"1234",48,510,"No","No",0,128.2,71,21.79,48.1,78,4.09,116.3,80,5.23,8.9,3,2.4,0,"NO"
"1239",147,415,"Yes","Yes",24,219.9,118,37.38,208.5,116,17.72,352.5,111,15.86,8.1,4,2.19,3,"NO"
"1243",136,510,"Yes","No",0,256.8,90,43.66,230.1,104,19.56,143.6,82,6.46,9.1,10,2.46,3,"NO"
"1245",45,408,"No","Yes",38,196.8,92,33.46,254.2,108,21.61,261.8,85,11.78,7.7,2,2.08,1,"NO"
"1248",132,415,"No","No",0,117.6,66,19.99,214,108,18.19,239.5,94,10.78,8.8,5,2.38,1,"NO"
"1251",81,415,"No","No",0,145.4,132,24.72,129.3,91,10.99,186.4,109,8.39,5.2,4,1.4,1,"NO"
"1253",116,510,"No","No",0,229.3,93,38.98,184.5,111,15.68,168.2,91,7.57,8.8,3,2.38,2,"NO"
"1262",30,510,"No","No",0,145,76,24.65,240.7,112,20.46,197.1,134,8.87,7.1,4,1.92,3,"NO"
"1265",72,408,"No","No",0,147,79,24.99,162.3,103,13.8,162.9,80,7.33,10.5,4,2.84,1,"NO"
"1272",81,408,"Yes","Yes",37,237.1,76,40.31,264.2,125,22.46,271.3,120,12.21,7.9,3,2.13,1,"NO"
"1274",28,415,"No","No",0,121.7,48,20.69,125.8,112,10.69,261.6,122,11.77,8.3,2,2.24,6,"YES"
"1275",111,510,"No","No",0,176.4,62,29.99,201,124,17.09,150.4,138,6.77,11.2,2,3.02,0,"NO"
"1276",3,510,"No","Yes",27,67.4,116,11.46,244,78,20.74,281.1,93,12.65,11.4,2,3.08,2,"NO"
"1277",51,415,"No","No",0,229.7,129,39.05,336,104,28.56,192.8,128,8.68,9.6,1,2.59,1,"YES"
"1278",68,415,"No","Yes",24,176,118,29.92,277.9,116,23.62,174.7,71,7.86,14.7,7,3.97,1,"NO"
"1281",58,510,"No","No",0,112.2,95,19.07,209.6,108,17.82,260.9,78,11.74,13.9,1,3.75,0,"YES"
"1283",111,415,"No","No",0,229.4,107,39,214.1,99,18.2,289.6,95,13.03,10.4,6,2.81,4,"NO"
"1284",144,415,"No","No",0,139.6,96,23.73,124.2,93,10.56,95.6,75,4.3,15,4,4.05,2,"NO"
"1289",56,510,"No","No",0,253.2,95,43.04,188,116,15.98,142,133,6.39,4.4,4,1.19,1,"NO"
"1290",129,408,"No","No",0,98,99,16.66,240.7,62,20.46,254.8,123,11.47,10.5,4,2.84,0,"NO"
"1291",92,408,"No","No",0,249.4,118,42.4,211.5,95,17.98,169,116,7.61,9.1,3,2.46,0,"NO"
"1294",166,415,"No","No",0,220.7,106,37.52,177.8,118,15.11,206.1,102,9.27,12.4,9,3.35,1,"NO"
"1295",66,408,"No","No",0,87.6,76,14.89,262,111,22.27,184.6,125,8.31,9.2,5,2.48,1,"NO"
"1297",79,415,"No","No",0,213.6,110,36.31,234.9,121,19.97,229.6,157,10.33,8.8,3,2.38,2,"NO"
"1301",46,510,"No","No",0,199.2,111,33.86,175.1,83,14.88,210.6,84,9.48,10.2,2,2.75,3,"NO"
"1302",137,415,"No","No",0,115,130,19.55,137.8,83,11.71,224,61,10.08,7.3,4,1.97,3,"NO"
"1320",101,415,"No","No",0,248.6,102,42.26,174.9,93,14.87,207.2,86,9.32,6.1,3,1.65,3,"NO"
"1323",2,415,"Yes","No",0,132.1,42,22.46,138.9,88,11.81,192.6,119,8.67,9.1,1,2.46,2,"YES"
"1330",137,415,"No","No",0,141.1,91,23.99,147.2,100,12.51,254.7,75,11.46,8,7,2.16,2,"NO"
"1336",71,415,"No","No",0,243.7,124,41.43,60,90,5.1,189,129,8.5,11.3,2,3.05,0,"NO"
"1338",97,510,"Yes","No",0,236.9,107,40.27,157.6,105,13.4,241,120,10.85,7.3,2,1.97,0,"YES"
"1341",190,408,"No","No",0,150.9,86,25.65,268.6,129,22.83,179.9,73,8.1,14.7,1,3.97,1,"NO"
"1345",111,415,"No","No",0,284.4,89,48.35,157,113,13.35,242.8,91,10.93,8.4,8,2.27,0,"YES"
"1348",111,408,"No","No",0,224.9,117,38.23,191.9,127,16.31,229.9,97,10.35,10.3,3,2.78,0,"NO"
"1355",105,408,"No","No",0,147.7,103,25.11,222.7,78,18.93,163.5,102,7.36,12.8,3,3.46,2,"NO"
"1357",118,415,"No","No",0,136.1,120,23.14,204.2,103,17.36,228.2,90,10.27,11.3,4,3.05,1,"NO"
"1359",51,510,"No","No",0,227.2,89,38.62,194.4,106,16.52,243.4,126,10.95,14.9,2,4.02,0,"NO"
"1364",117,415,"No","Yes",31,104.9,115,17.83,237.6,125,20.2,263.4,104,11.85,7.7,6,2.08,3,"NO"
"1365",115,415,"No","No",0,245,97,41.65,250.7,75,21.31,270.2,124,12.16,13.7,8,3.7,1,"YES"
"1366",162,408,"No","No",0,184.5,118,31.37,224,95,19.04,180.5,82,8.12,11.6,3,3.13,1,"NO"
"1368",94,415,"Yes","No",0,235.6,131,40.05,194.8,107,16.56,170.6,93,7.68,8.6,4,2.32,1,"NO"
"1369",129,408,"No","No",0,186,127,31.62,262.3,96,22.3,98.9,63,4.45,11.5,6,3.11,4,"NO"
"1371",96,510,"No","No",0,179.5,125,30.52,162.3,139,13.8,264.5,133,11.9,6.6,2,1.78,1,"NO"
"1373",80,408,"No","No",0,118.1,90,20.08,144.3,77,12.27,225.1,86,10.13,8.2,6,2.21,1,"NO"
"1379",58,415,"Yes","Yes",43,142.8,96,24.28,272.3,100,23.15,193.4,105,8.7,8.9,4,2.4,1,"NO"
"1380",36,415,"No","No",0,202.4,115,34.41,230.7,115,19.61,202,127,9.09,10.2,2,2.75,3,"NO"
"1384",72,415,"No","Yes",21,138.1,113,23.48,260.1,83,22.11,135.4,118,6.09,8.2,2,2.21,2,"NO"
"1386",113,510,"No","No",0,81.3,116,13.82,220.6,124,18.75,235.7,113,10.61,8.9,3,2.4,0,"NO"
"1388",212,415,"No","No",0,126,96,21.42,144.3,80,12.27,302.8,102,13.63,7.6,3,2.05,1,"NO"
"1389",99,415,"Yes","No",0,197.2,127,33.52,156,92,13.26,204.1,99,9.18,9.9,6,2.67,4,"NO"
"1390",94,510,"No","No",0,194.1,62,33,227.2,54,19.31,190.4,115,8.57,15.3,4,4.13,1,"NO"
"1392",86,510,"No","Yes",29,157.2,118,26.72,196.3,136,16.69,226.7,109,10.2,8.4,5,2.27,3,"NO"
"1394",170,415,"No","No",0,246.4,107,41.89,228.1,124,19.39,166.4,95,7.49,9.1,8,2.46,0,"NO"
"1396",103,415,"No","No",0,189.8,110,32.27,115.5,83,9.82,191.3,103,8.61,12.2,4,3.29,0,"NO"
"1398",101,510,"No","No",0,0,0,0,192.1,119,16.33,168.8,95,7.6,7.2,4,1.94,1,"NO"
"1399",98,408,"No","Yes",19,110.5,87,18.79,227.8,97,19.36,243.6,84,10.96,11,4,2.97,1,"NO"
"1404",126,510,"No","No",0,175.4,120,29.82,98.3,71,8.36,201.9,93,9.09,10.6,1,2.86,0,"NO"
"1413",131,415,"No","Yes",24,135.9,60,23.1,233.2,78,19.82,210.6,121,9.48,9.4,4,2.54,1,"NO"
"1415",182,415,"No","No",0,176.1,90,29.94,174.9,106,14.87,234.7,134,10.56,9.7,4,2.62,1,"NO"
"1428",176,415,"No","No",0,250.9,108,42.65,171.4,100,14.57,148.6,85,6.69,9.6,6,2.59,2,"NO"
"1430",11,510,"No","Yes",38,209.8,130,35.67,196.6,84,16.71,233,79,10.49,7,7,1.89,1,"NO"
"1432",127,510,"No","No",0,239.8,107,40.77,128.9,121,10.96,249.9,110,11.25,11.3,5,3.05,1,"NO"
"1436",89,415,"Yes","Yes",19,112.6,114,19.14,261.7,132,22.24,123.5,116,5.56,11.1,2,3,0,"YES"
"1437",83,510,"No","Yes",26,226.4,117,38.49,234.7,97,19.95,133.6,82,6.01,10.8,7,2.92,1,"NO"
"1446",55,510,"No","Yes",8,222.5,104,37.83,171.5,94,14.58,377.5,114,16.99,9.7,2,2.62,1,"NO"
"1447",111,415,"No","Yes",28,128.8,104,21.9,157.3,52,13.37,147.4,76,6.63,10.3,2,2.78,2,"NO"
"1449",110,415,"No","No",0,242.5,110,41.23,162.3,140,13.8,184.1,86,8.28,7.8,3,2.11,4,"NO"
"1450",192,415,"No","No",0,221.6,101,37.67,285.2,50,24.24,167.4,83,7.53,12.7,6,3.43,4,"NO"
"1452",101,415,"No","Yes",33,219.7,137,37.35,186.8,94,15.88,184.5,113,8.3,9.5,2,2.57,2,"NO"
"1453",77,510,"No","No",0,144.9,136,24.63,151.3,115,12.86,252.4,73,11.36,12.3,3,3.32,2,"NO"
"1462",145,408,"No","No",0,39.5,78,6.72,264.3,106,22.47,185.8,90,8.36,10,6,2.7,0,"NO"
"1466",83,510,"No","No",0,132.4,120,22.51,121.6,101,10.34,197.7,84,8.9,8.6,2,2.32,1,"NO"
"1467",195,415,"No","No",0,63.2,108,10.74,220.2,88,18.72,184,99,8.28,5.1,3,1.38,0,"NO"
"1469",75,510,"No","Yes",27,117.5,102,19.98,206.8,127,17.58,194.4,114,8.75,4.2,7,1.13,3,"NO"
"1478",112,415,"No","No",0,168.6,102,28.66,298,117,25.33,194.7,110,8.76,9.8,5,2.65,1,"NO"
"1481",78,408,"No","No",0,87,102,14.79,193.6,64,16.46,205.8,120,9.26,11,5,2.97,0,"NO"
"1483",6,408,"No","No",0,226.5,93,38.51,152.1,122,12.93,164.4,98,7.4,9.4,4,2.54,3,"NO"
"1484",107,510,"Yes","No",0,234.1,91,39.8,163.1,105,13.86,282.5,100,12.71,10,3,2.7,1,"NO"
"1486",138,415,"No","No",0,133.9,87,22.76,166.4,110,14.14,193.5,139,8.71,15.4,3,4.16,1,"NO"
"1487",103,510,"No","No",0,160.2,104,27.23,138.9,70,11.81,312.5,97,14.06,9.7,2,2.62,0,"NO"
"1490",161,415,"No","No",0,72.8,120,12.38,267.1,120,22.7,222.5,91,10.01,11.8,2,3.19,2,"NO"
"1491",1,415,"No","No",0,196.1,107,33.34,296.5,82,25.2,211.5,91,9.52,7,2,1.89,1,"NO"
"1502",72,510,"No","No",0,272.4,88,46.31,107.9,125,9.17,185.5,81,8.35,12.7,2,3.43,0,"NO"
"1509",93,408,"No","No",0,152.4,74,25.91,274.6,88,23.34,252.2,120,11.35,6.6,5,1.78,3,"NO"
"1510",142,510,"No","Yes",40,237.4,105,40.36,175.9,93,14.95,210.3,110,9.46,9.2,3,2.48,3,"NO"
"1513",22,408,"No","Yes",14,199.1,100,33.85,221.8,103,18.85,65.7,91,2.96,4.2,1,1.13,1,"NO"
"1523",62,510,"No","No",0,159.9,100,27.18,172.2,99,14.64,263.2,109,11.84,5.6,4,1.51,1,"NO"
"1534",127,510,"Yes","No",0,242.2,102,41.17,226.1,80,19.22,252,96,11.34,13.9,5,3.75,2,"YES"
"1535",136,510,"No","No",0,259.4,99,44.1,172.7,125,14.68,293.7,78,13.22,10.7,6,2.89,1,"YES"
"1536",99,415,"No","No",0,222.4,102,37.81,185.8,89,15.79,237.7,81,10.7,12,8,3.24,2,"NO"
"1539",113,415,"No","No",0,61.2,111,10.4,92.3,88,7.85,197.4,114,8.88,13.7,3,3.7,5,"YES"
"1543",81,510,"Yes","No",0,227.4,105,38.66,211.5,120,17.98,258.2,113,11.62,11.9,3,3.21,0,"NO"
"1550",107,408,"No","No",0,103.4,94,17.58,189.3,125,16.09,227.2,125,10.22,14.4,3,3.89,1,"NO"
"1552",225,415,"No","No",0,165.4,106,28.12,273.7,109,23.26,210,93,9.45,8.7,3,2.35,0,"YES"
"1559",79,415,"No","Yes",34,103.7,100,17.63,236.3,78,20.09,256.6,102,11.55,14.8,4,4,2,"NO"
"1563",37,415,"No","No",0,191.1,69,32.49,129.2,113,10.98,207.5,117,9.34,12.9,1,3.48,0,"NO"
"1575",122,415,"Yes","Yes",40,216.4,80,36.79,249.7,90,21.22,185.9,99,8.37,12.7,4,3.43,1,"NO"
"1585",94,510,"No","No",0,163.5,136,27.8,143.7,111,12.21,253.4,82,11.4,12.6,5,3.4,1,"NO"
"1588",128,415,"No","No",0,216,111,36.72,153.7,115,13.06,227,74,10.22,12.7,4,3.43,1,"NO"
"1590",76,415,"No","No",0,143.7,55,24.43,173.1,108,14.71,239.1,95,10.76,5.8,6,1.57,1,"NO"
"1592",90,415,"No","Yes",29,185.6,106,31.55,219.7,113,18.67,152.1,120,6.84,11.1,5,3,2,"NO"
"1594",105,415,"Yes","No",0,273.9,119,46.56,278.6,103,23.68,255.3,90,11.49,10.9,7,2.94,1,"YES"
"1596",83,415,"No","No",0,178.8,102,30.4,167.9,84,14.27,178.9,65,8.05,8.6,4,2.32,3,"NO"
"1601",115,415,"No","Yes",26,155.2,110,26.38,230.9,133,19.63,261.6,100,11.77,4.5,4,1.22,0,"NO"
"1607",95,415,"No","No",0,198.4,113,33.73,235.9,144,20.05,325.6,99,14.65,10.1,3,2.73,0,"NO"
"1609",163,408,"No","Yes",25,219.6,99,37.33,210.4,99,17.88,242.7,88,10.92,13.8,8,3.73,2,"NO"
"1610",57,415,"No","No",0,169.6,96,28.83,234.7,112,19.95,285.4,83,12.84,11.2,4,3.02,0,"NO"
"1612",83,415,"No","Yes",20,95,89,16.15,167.9,92,14.27,200.6,79,9.03,11.2,2,3.02,0,"NO"
"1617",67,415,"No","No",0,179.8,125,30.57,173.2,86,14.72,272.8,97,12.28,10.9,4,2.94,0,"NO"
"1621",154,408,"No","Yes",35,224,102,38.08,192,99,16.32,163.1,100,7.34,9.6,2,2.59,0,"NO"
"1623",117,415,"No","No",0,184.8,83,31.42,248.6,101,21.13,133.1,113,5.99,9.6,8,2.59,1,"NO"
"1624",130,408,"No","No",0,176.3,140,29.97,201,104,17.09,161.9,123,7.29,11.3,5,3.05,1,"NO"
"1627",149,510,"No","No",0,207.3,115,35.24,198.4,82,16.86,114.1,83,5.13,8.6,4,2.32,1,"NO"
"1632",133,510,"No","No",0,187,65,31.79,141.4,128,12.02,238.2,108,10.72,10,8,2.7,2,"NO"
"1633",112,415,"No","No",0,170.5,113,28.99,193.2,129,16.42,188,91,8.46,11.2,6,3.02,0,"NO"
"1639",116,408,"No","No",0,159.4,79,27.1,179.5,88,15.26,167.8,71,7.55,9.7,2,2.62,6,"YES"
"1640",68,510,"No","No",0,172.7,95,29.36,139.1,90,11.82,174.3,99,7.84,11.7,1,3.16,2,"NO"
"1645",124,510,"No","No",0,184.8,74,31.42,175.1,84,14.88,158.2,95,7.12,10.5,6,2.84,1,"NO"
"1648",110,408,"No","No",0,222.7,94,37.86,105.8,98,8.99,214.8,78,9.67,13.5,4,3.65,1,"NO"
"1652",64,415,"Yes","No",0,225.3,134,38.3,108.2,87,9.2,139.6,132,6.28,17.3,9,4.67,1,"YES"
"1654",93,510,"Yes","No",0,131.4,78,22.34,219.7,106,18.67,155.7,103,7.01,11.1,2,3,1,"YES"
"1656",138,510,"No","No",0,127.1,102,21.61,247.7,106,21.05,207.7,75,9.35,5,3,1.35,3,"NO"
"1667",88,415,"No","No",0,148.2,82,25.19,308.7,67,26.24,235.4,79,10.59,6.4,4,1.73,2,"NO"
"1668",78,415,"No","No",0,193.1,85,32.83,172.1,105,14.63,129.6,119,5.83,10.2,1,2.75,0,"NO"
"1671",56,415,"No","Yes",24,121.7,87,20.69,184,76,15.64,266.6,98,12,12.7,3,3.43,1,"NO"
"1678",123,415,"No","No",0,163.1,119,27.73,249.4,51,21.2,168.2,77,7.57,9,10,2.43,1,"NO"
"1681",107,510,"No","No",0,194.5,97,33.07,186.3,131,15.84,178.3,106,8.02,12.7,1,3.43,2,"NO"
"1685",115,510,"No","No",0,99.7,107,16.95,145.1,96,12.33,149.4,99,6.72,14.1,4,3.81,2,"NO"
"1686",69,415,"No","No",0,143.6,88,24.41,141.8,86,12.05,194,83,8.73,10.8,5,2.92,3,"NO"
"1690",90,408,"No","Yes",39,94.8,89,16.12,219.1,91,18.62,197.4,65,8.88,11.4,5,3.08,1,"NO"
"1693",79,415,"No","No",0,268.3,114,45.61,185.5,111,15.77,264.6,88,11.91,6.3,7,1.7,1,"YES"
"1697",141,510,"No","No",0,215.6,113,36.65,200.6,81,17.05,153.8,107,6.92,12.4,6,3.35,1,"NO"
"1700",133,408,"No","No",0,221.1,133,37.59,160.2,140,13.62,161.8,84,7.28,8.4,3,2.27,4,"NO"
"1703",140,415,"No","No",0,120.3,108,20.45,240.4,84,20.43,216.4,74,9.74,7.7,3,2.08,4,"YES"
"1706",24,408,"No","Yes",29,236.3,105,40.17,190.8,114,16.22,129,105,5.81,7.2,2,1.94,3,"NO"
"1713",102,408,"No","No",0,174.5,73,29.67,213.7,114,18.16,164.7,116,7.41,10.3,5,2.78,4,"NO"
"1714",76,510,"No","No",0,129.7,84,22.05,177.5,80,15.09,228.9,87,10.3,7.5,3,2.03,5,"YES"
"1717",36,510,"No","Yes",25,152.8,110,25.98,242.8,67,20.64,147.4,74,6.63,9.1,2,2.46,1,"NO"
"1721",104,408,"No","No",0,170.6,97,29,162.1,111,13.78,210.7,131,9.48,6.1,1,1.65,1,"NO"
"1723",84,510,"No","No",0,75.3,96,12.8,179.9,113,15.29,193.8,134,8.72,12.3,1,3.32,1,"NO"
"1724",80,510,"No","No",0,149.8,123,25.47,276.3,75,23.49,241.4,75,10.86,10.9,7,2.94,2,"NO"
"1726",99,408,"No","No",0,128.8,86,21.9,203.9,105,17.33,282.6,131,12.72,14.1,4,3.81,2,"NO"
"1730",111,415,"No","Yes",36,96.8,123,16.46,170.6,105,14.5,166,85,7.47,13.4,4,3.62,2,"NO"
"1736",119,408,"No","No",0,124.3,68,21.13,207.1,88,17.6,157.4,93,7.08,14.8,1,4,0,"NO"
"1737",115,415,"No","No",0,286.4,125,48.69,205.7,74,17.48,191.4,141,8.61,6.9,6,1.86,1,"YES"
"1740",80,415,"No","No",0,268.7,120,45.68,301,147,25.59,167,140,7.52,5.8,1,1.57,2,"YES"
"1752",225,415,"No","No",0,182.7,142,31.06,246.5,63,20.95,218,103,9.81,8.8,2,2.38,1,"NO"
"1753",181,415,"Yes","No",0,161.3,83,27.42,124.4,83,10.57,262,98,11.79,14.1,3,3.81,0,"YES"
"1754",63,415,"No","No",0,142.5,92,24.23,208.3,102,17.71,228.9,120,10.3,7.5,2,2.03,2,"NO"
"1756",80,408,"Yes","Yes",15,159.3,110,27.08,170.6,120,14.5,141.2,82,6.35,11.9,5,3.21,1,"NO"
"1772",118,415,"No","Yes",39,91.5,125,15.56,219.9,113,18.69,229,99,10.31,12.7,8,3.43,2,"NO"
"1776",142,408,"No","Yes",24,239.8,103,40.77,285.9,65,24.3,256.7,106,11.55,9.5,4,2.57,0,"NO"
"1779",54,510,"No","Yes",39,117.6,82,19.99,159.2,60,13.53,236.4,113,10.64,11.3,10,3.05,2,"NO"
"1784",85,415,"No","Yes",29,144.6,97,24.58,140,102,11.9,165.4,148,7.44,10.9,3,2.94,1,"NO"
"1785",51,415,"Yes","No",0,153.6,108,26.11,232.9,85,19.8,214.2,92,9.64,14.1,4,3.81,0,"YES"
"1797",79,415,"No","No",0,144,90,24.48,135.8,91,11.54,212.4,129,9.56,13,4,3.51,1,"NO"
"1800",132,510,"No","No",0,163.2,80,27.74,167.6,90,14.25,87.5,90,3.94,6.2,10,1.67,1,"NO"
"1801",21,510,"No","No",0,225,110,38.25,244.2,111,20.76,221.2,93,9.95,10.7,4,2.89,0,"NO"
"1803",147,415,"No","Yes",36,254.2,78,43.21,228.1,105,19.39,98,125,4.41,13.8,7,3.73,5,"NO"
"1816",101,415,"No","Yes",42,209.2,82,35.56,159.7,74,13.57,181.6,100,8.17,9.5,3,2.57,0,"NO"
"1824",116,415,"No","Yes",23,253,78,43.01,138.9,121,11.81,277.8,104,12.5,11.8,3,3.19,2,"NO"
"1827",102,408,"No","No",0,200.6,106,34.1,152.5,127,12.96,199.4,128,8.97,7.7,2,2.08,3,"NO"
"1835",138,415,"No","Yes",29,190.1,87,32.32,223.2,123,18.97,256.2,130,11.53,14.2,6,3.83,0,"NO"
"1836",141,415,"No","Yes",37,185.4,87,31.52,178.5,128,15.17,218.3,107,9.82,8,3,2.16,4,"NO"
"1837",112,415,"No","Yes",17,183.2,95,31.14,252.8,125,21.49,156.7,95,7.05,9.7,3,2.62,0,"NO"
"1838",117,510,"Yes","No",0,54.2,100,9.21,303.2,84,25.77,171.8,84,7.73,8.6,2,2.32,1,"YES"
"1839",1,408,"No","Yes",26,208,115,35.36,185,113,15.73,177.7,144,8,8.1,9,2.19,1,"NO"
"1840",70,415,"No","No",0,230.3,110,39.15,77.9,87,6.62,247.1,105,11.12,13.2,4,3.56,1,"NO"
"1844",105,408,"No","No",0,166.1,93,28.24,175.9,106,14.95,243.5,55,10.96,16.2,3,4.37,2,"NO"
"1845",77,510,"No","Yes",28,135.9,117,23.1,244.5,102,20.78,207.5,74,9.34,11.5,3,3.11,4,"YES"
"1848",54,408,"No","Yes",39,143.9,73,24.46,210.3,117,17.88,129.2,117,5.81,12.5,8,3.38,2,"NO"
"1850",119,408,"No","No",0,287.1,115,48.81,159.3,99,13.54,216.8,86,9.76,13.9,1,3.75,2,"YES"
"1852",85,510,"No","No",0,165.8,96,28.19,190,141,16.15,144,116,6.48,10.9,3,2.94,5,"YES"
"1854",172,415,"No","No",0,172.5,85,29.33,253.1,71,21.51,221.6,113,9.97,5.9,6,1.59,0,"NO"
"1855",80,415,"No","No",0,199.8,138,33.97,167.1,91,14.2,271.8,94,12.23,5.5,4,1.49,1,"NO"
"1861",63,408,"No","No",0,211.7,107,35.99,271.7,77,23.09,203.3,108,9.15,7.4,7,2,0,"NO"
"1862",119,408,"Yes","Yes",16,147.2,103,25.02,160.1,96,13.61,184,120,8.28,7.7,2,2.08,0,"YES"
"1867",119,510,"No","No",0,81.9,75,13.92,253.8,114,21.57,213.1,125,9.59,8.9,1,2.4,2,"YES"
"1868",142,408,"Yes","Yes",25,191.1,109,32.49,149.6,120,12.72,227.8,60,10.25,9.8,3,2.65,0,"NO"
"1871",43,415,"No","No",0,179.3,97,30.48,252.7,126,21.48,227.5,114,10.24,8,5,2.16,0,"NO"
"1873",15,510,"Yes","No",0,141.4,80,24.04,123.9,76,10.53,323.5,88,14.56,8.1,3,2.19,2,"NO"
"1876",99,415,"No","No",0,145.6,102,24.75,230.9,87,19.63,181.5,86,8.17,11.4,7,3.08,1,"NO"
"1877",46,415,"No","No",0,164.2,116,27.91,196.2,153,16.68,236.1,119,10.62,8.1,1,2.19,1,"NO"
"1879",39,415,"No","No",0,295.4,126,50.22,232.1,117,19.73,204.4,123,9.2,11.5,2,3.11,1,"YES"
"1881",56,415,"No","No",0,162.3,99,27.59,149.1,78,12.67,255.5,115,11.5,14.8,1,4,4,"YES"
"1884",140,510,"No","Yes",28,157.1,77,26.71,172.4,97,14.65,184.5,94,8.3,11.1,9,3,1,"NO"
"1885",51,510,"Yes","Yes",12,135.8,60,23.09,200.6,134,17.05,192.4,98,8.66,12.3,7,3.32,2,"NO"
"1888",105,510,"Yes","Yes",28,156.1,89,26.54,107.1,114,9.1,167.7,95,7.55,14.7,3,3.97,0,"YES"
"1892",146,415,"No","No",0,205.4,101,34.92,134.9,77,11.47,310.5,83,13.97,10.3,2,2.78,3,"NO"
"1895",68,408,"No","No",0,131.6,89,22.37,137,109,11.65,256.3,107,11.53,10.2,5,2.75,3,"NO"
"1896",86,408,"No","Yes",21,197.9,99,33.64,165.6,100,14.08,208,120,9.36,10.1,9,2.73,0,"NO"
"1898",86,415,"No","Yes",29,225.4,79,38.32,187.1,112,15.9,281.1,112,12.65,12.9,3,3.48,1,"NO"
"1902",132,408,"No","No",0,206.2,100,35.05,211.2,118,17.95,196.2,122,8.83,10.2,6,2.75,1,"NO"
"1905",174,408,"No","Yes",33,167.8,91,28.53,205.3,91,17.45,130,132,5.85,14.5,4,3.92,4,"YES"
"1907",91,415,"No","Yes",39,169.8,105,28.87,65.2,116,5.54,144.4,92,6.5,10.9,4,2.94,1,"NO"
"1913",103,408,"No","No",0,150.6,125,25.6,169.1,126,14.37,221.2,104,9.95,10.4,8,2.81,8,"YES"
"1914",65,510,"No","No",0,192,89,32.64,139.5,88,11.86,187.4,102,8.43,5.5,4,1.49,2,"NO"
"1917",72,415,"No","No",0,175.5,103,29.84,132.3,120,11.25,242.9,96,10.93,11.8,3,3.19,1,"NO"
"1918",113,510,"No","No",0,150.1,120,25.52,200.1,85,17.01,266.7,105,12,11,3,2.97,2,"NO"
"1931",142,415,"No","No",0,145.4,93,24.72,209.1,98,17.77,214,96,9.63,10.9,1,2.94,1,"NO"
"1935",105,415,"No","No",0,281.3,124,47.82,301.5,96,25.63,202.8,109,9.13,8.7,3,2.35,0,"YES"
"1937",90,415,"No","No",0,102,118,17.34,113.3,134,9.63,188.6,105,8.49,11.4,3,3.08,2,"NO"
"1938",100,415,"No","Yes",33,218.7,104,37.18,155,144,13.18,99,117,4.46,12.1,4,3.27,1,"NO"
"1943",42,415,"No","No",0,184.5,98,31.37,200.5,93,17.04,279.2,91,12.56,8.8,3,2.38,2,"NO"
"1944",125,510,"No","No",0,168.6,99,28.66,175.6,107,14.93,243.3,92,10.95,10.9,7,2.94,0,"NO"
"1949",128,415,"No","No",0,148.5,105,25.25,243,106,20.66,255.2,114,11.48,6.8,2,1.84,1,"NO"
"1951",52,415,"No","No",0,155,110,26.35,133.4,104,11.34,176.1,84,7.92,7,4,1.89,4,"YES"
"1952",126,415,"Yes","Yes",26,129.3,123,21.98,176.5,114,15,154.5,102,6.95,9.6,7,2.59,1,"NO"
"1966",139,510,"No","No",0,236.6,109,40.22,169.9,107,14.44,212.3,118,9.55,11.1,2,3,1,"YES"
"1974",85,510,"No","Yes",21,283.2,110,48.14,239.7,108,20.37,149.5,80,6.73,6.3,1,1.7,5,"NO"
"1977",177,415,"No","Yes",27,230.2,106,39.13,196.1,78,16.67,215.4,108,9.69,10.4,2,2.81,1,"NO"
"1983",125,415,"No","No",0,163.8,73,27.85,255.6,85,21.73,192.9,95,8.68,15.7,4,4.24,0,"NO"
"1986",101,408,"No","Yes",16,118.9,112,20.21,228.3,97,19.41,180.1,111,8.1,8.2,5,2.21,2,"NO"
"1990",124,415,"No","Yes",30,144.5,35,24.57,262.3,101,22.3,226.5,82,10.19,12,7,3.24,2,"NO"
"1994",86,510,"No","No",0,216.3,96,36.77,266.3,77,22.64,214,110,9.63,4.5,3,1.22,0,"NO"
"1995",84,510,"No","No",0,169.5,96,28.82,157.6,94,13.4,98.2,70,4.42,10.6,7,2.86,0,"NO"
"1999",85,415,"No","No",0,96.7,97,16.44,193.8,95,16.47,171.7,88,7.73,9.7,3,2.62,2,"NO"
"2000",160,408,"No","No",0,82.7,116,14.06,194.6,95,16.54,159,54,7.15,10.9,9,2.94,0,"NO"
"2003",156,408,"No","No",0,174.3,95,29.63,186.6,128,15.86,258.2,105,11.62,12.9,5,3.48,3,"NO"
"2005",77,510,"No","No",0,175.5,86,29.84,205.1,78,17.43,245.2,100,11.03,17.8,3,4.81,4,"NO"
"2006",119,415,"No","No",0,133.4,102,22.68,204.6,71,17.39,196.9,103,8.86,11.1,7,3,1,"NO"
"2007",91,510,"No","Yes",27,204.6,96,34.78,136,93,11.56,210.5,82,9.47,6.6,2,1.78,3,"NO"
"2012",86,415,"No","No",0,194.2,98,33.01,193.8,95,16.47,192,123,8.64,9.3,7,2.51,3,"NO"
"2016",64,408,"No","No",0,261.9,113,44.52,148.1,99,12.59,145.2,74,6.53,13.8,4,3.73,0,"NO"
"2027",69,415,"No","No",0,153.7,109,26.13,194,105,16.49,256.1,114,11.52,14.1,6,3.81,1,"NO"
"2033",151,415,"No","No",0,118.9,128,20.21,278.3,65,23.66,194.8,61,8.77,13.2,10,3.56,2,"NO"
"2034",162,408,"No","No",0,217.6,87,36.99,279,71,23.72,250.7,65,11.28,10.4,4,2.81,2,"YES"
"2061",127,510,"No","Yes",25,203.8,118,34.65,267.1,48,22.7,225.1,105,10.13,7.3,5,1.97,0,"NO"
"2074",140,415,"No","No",0,160.5,114,27.29,240.5,103,20.44,233.5,121,10.51,11.3,4,3.05,1,"NO"
"2085",136,415,"No","Yes",24,174.6,76,29.68,176.6,114,15.01,214.4,91,9.65,8.8,5,2.38,2,"NO"
"2089",48,415,"No","No",0,210.8,84,35.84,189.6,98,16.12,157.6,99,7.09,16.4,3,4.43,2,"NO"
"2093",68,408,"No","No",0,219.6,97,37.33,141.1,144,11.99,205.7,101,9.26,10.8,4,2.92,2,"NO"
"2095",141,415,"No","No",0,192.4,111,32.71,156.9,87,13.34,175.8,82,7.91,11,6,2.97,0,"NO"
"2098",65,510,"No","No",0,158.8,53,27,188.5,132,16.02,189.3,87,8.52,9.8,4,2.65,2,"NO"
"2104",74,408,"No","No",0,298.1,112,50.68,201.3,100,17.11,214.7,88,9.66,9.7,4,2.62,2,"YES"
"2106",40,408,"No","No",0,242.5,82,41.23,232.9,97,19.8,154,86,6.93,9.6,7,2.59,0,"NO"
"2111",102,415,"No","Yes",25,137.4,100,23.36,176.7,83,15.02,188.2,93,8.47,10.2,6,2.75,2,"NO"
"2122",46,510,"No","No",0,90.4,108,15.37,276.2,77,23.48,146.5,111,6.59,12.7,2,3.43,1,"NO"
"2123",69,510,"No","Yes",27,268.8,78,45.7,246.6,89,20.96,271.9,102,12.24,16.4,3,4.43,0,"NO"
"2128",46,408,"No","No",0,196.7,85,33.44,205.9,74,17.5,216.6,112,9.75,11.2,5,3.02,3,"NO"
"2131",93,415,"No","No",0,239.8,70,40.77,251.8,99,21.4,168.6,112,7.59,10.9,10,2.94,1,"NO"
"2133",202,510,"No","No",0,115.4,137,19.62,178.7,70,15.19,185.7,113,8.36,6,3,1.62,3,"NO"
"2135",94,415,"No","No",0,206.1,49,35.04,224.6,115,19.09,256.7,74,11.55,13,1,3.51,1,"NO"
"2139",124,415,"No","No",0,178.3,102,30.31,235,120,19.98,239.7,119,10.79,10.9,1,2.94,3,"NO"
"2148",126,415,"No","No",0,249.8,96,42.47,261.9,92,22.26,166.8,108,7.51,12.7,4,3.43,3,"YES"
"2150",120,415,"No","Yes",33,299.5,83,50.92,163.4,84,13.89,146.7,88,6.6,11.6,5,3.13,0,"NO"
"2160",132,415,"No","No",0,190.1,105,32.32,182.2,116,15.49,279.8,105,12.59,13,2,3.51,1,"NO"
"2165",115,510,"Yes","No",0,251.3,69,42.72,252.5,96,21.46,118.3,112,5.32,9.9,1,2.67,3,"YES"
"2169",173,415,"No","No",0,191.4,114,32.54,168.5,138,14.32,109.3,99,4.92,10.3,3,2.78,1,"NO"
"2176",180,415,"No","No",0,143.5,121,24.4,189.3,111,16.09,174.9,82,7.87,8.8,5,2.38,3,"NO"
"2181",121,415,"No","No",0,168.9,128,28.71,123.9,99,10.53,266.3,105,11.98,2.9,7,0.78,2,"NO"
"2195",136,408,"Yes","Yes",29,85.2,98,14.48,230.4,85,19.58,243.6,104,10.96,9,3,2.43,2,"NO"
"2201",121,510,"No","No",0,177.2,142,30.12,123.5,88,10.5,213.2,51,9.59,8.4,6,2.27,1,"NO"
"2203",112,415,"Yes","Yes",16,200.3,72,34.05,197.8,91,16.81,151.1,92,6.8,10.4,3,2.81,1,"NO"
"2206",110,415,"No","No",0,151.8,106,25.81,138,126,11.73,233.5,112,10.51,11.2,8,3.02,3,"NO"
"2217",58,415,"No","No",0,238.9,107,40.61,187.2,88,15.91,181.1,84,8.15,11.8,3,3.19,2,"NO"
"2223",97,415,"No","Yes",24,176.1,109,29.94,159.4,81,13.55,269.1,94,12.11,12.1,9,3.27,0,"NO"
"2225",68,510,"No","No",0,143.6,80,24.41,134.3,65,11.42,215.6,84,9.7,15.5,5,4.19,2,"NO"
"2226",93,408,"No","No",0,179.3,93,30.48,188.8,65,16.05,253.2,88,11.39,12.1,5,3.27,1,"NO"
"2230",83,415,"No","Yes",25,191.3,95,32.52,250.7,136,21.31,249.4,86,11.22,17.6,5,4.75,2,"NO"
"2235",127,510,"No","No",0,224.3,112,38.13,185.7,103,15.78,159.4,83,7.17,10,1,2.7,2,"NO"
"2236",117,408,"No","Yes",13,207.6,65,35.29,152.7,77,12.98,232.8,95,10.48,9.7,3,2.62,1,"NO"
"2237",128,510,"No","No",0,268.1,95,45.58,120.5,126,10.24,220.8,121,9.94,14.4,6,3.89,2,"NO"
"2253",148,408,"No","No",0,17.6,121,2.99,161.7,125,13.74,203.1,82,9.14,10.6,6,2.86,1,"NO"
"2256",166,415,"No","No",0,136.1,116,23.14,181.4,93,15.42,131.4,108,5.91,11.3,4,3.05,0,"NO"
"2260",210,415,"No","Yes",31,313.8,87,53.35,147.7,103,12.55,192.7,97,8.67,10.1,7,2.73,3,"NO"
"2262",100,408,"No","No",0,210.9,85,35.85,329.3,69,27.99,127.1,78,5.72,9.4,5,2.54,4,"NO"
"2268",29,510,"No","No",0,313.2,103,53.24,216.3,151,18.39,218.4,106,9.83,12.8,4,3.46,2,"YES"
"2290",98,415,"Yes","Yes",23,245.5,54,41.74,292.7,83,24.88,184,90,8.28,10.8,7,2.92,1,"NO"
"2295",59,510,"No","No",0,189.7,100,32.25,115.9,133,9.85,220.6,115,9.93,7.4,4,2,0,"NO"
"2304",205,510,"No","No",0,49.9,123,8.48,150.7,81,12.81,188.2,67,8.47,10.1,4,2.73,2,"NO"
"2307",99,415,"No","No",0,254.4,120,43.25,159.3,92,13.54,264.4,94,11.9,6,5,1.62,1,"NO"
"2311",148,408,"No","Yes",25,230.7,102,39.22,233.8,109,19.87,215.8,90,9.71,13.5,2,3.65,3,"NO"
"2312",141,415,"No","No",0,151.5,104,25.76,242.2,114,20.59,304.2,109,13.69,10.8,2,2.92,1,"NO"
"2314",160,415,"No","No",0,256,111,43.52,187.4,61,15.93,119.1,81,5.36,11.5,4,3.11,3,"NO"
"2316",42,415,"No","No",0,150.7,52,25.62,246.7,96,20.97,103.8,118,4.67,7,4,1.89,2,"NO"
"2317",135,415,"Yes","No",0,186,107,31.62,66,94,5.61,213.1,105,9.59,12.9,4,3.48,1,"NO"
"2325",124,510,"No","No",0,143.3,120,24.36,230.7,111,19.61,214.3,91,9.64,7.8,2,2.11,4,"YES"
"2326",110,415,"No","No",0,271.1,108,46.09,237,122,20.15,239.9,122,10.8,9.8,5,2.65,2,"YES"
"2329",122,415,"No","No",0,168.3,96,28.61,87.6,91,7.45,247.2,87,11.12,8.4,6,2.27,1,"NO"
"2334",16,510,"No","No",0,144.8,84,24.62,164.9,141,14.02,231.5,75,10.42,8.2,4,2.21,2,"NO"
"2336",124,510,"Yes","No",0,157.8,71,26.83,203.2,114,17.27,168.7,82,7.59,10,2,2.7,3,"YES"
"2341",101,510,"No","Yes",17,193.9,71,32.96,189.8,81,16.13,196.3,97,8.83,12.6,7,3.4,0,"NO"
"2342",40,510,"No","No",0,109.4,107,18.6,244.7,102,20.8,276.9,123,12.46,7.1,7,1.92,0,"NO"
"2344",120,408,"Yes","No",0,179.9,72,30.58,170,98,14.45,190.6,89,8.58,13.8,2,3.73,1,"YES"
"2348",68,415,"Yes","Yes",29,195.5,113,33.24,171.6,96,14.59,204,85,9.18,13.5,9,3.65,1,"YES"
"2349",149,415,"No","Yes",20,264.4,102,44.95,219.6,123,18.67,200.4,89,9.02,11.3,3,3.05,2,"NO"
"2351",176,415,"No","No",0,169.5,151,28.82,112.9,84,9.6,56.6,99,2.55,8.7,4,2.35,0,"NO"
"2355",102,408,"No","No",0,273.2,85,46.44,211.1,82,17.94,203.7,129,9.17,13.1,7,3.54,2,"YES"
"2358",153,510,"No","No",0,159.5,103,27.12,275.5,90,23.42,176.7,126,7.95,10.1,2,2.73,1,"YES"
"2362",66,415,"No","No",0,116.4,98,19.79,95.6,74,8.13,181.5,94,8.17,10.5,3,2.84,3,"NO"
"2370",112,415,"No","No",0,174.3,123,29.63,140.2,124,11.92,215.4,89,9.69,9,6,2.43,4,"YES"
"2371",85,510,"No","No",0,183.4,111,31.18,168.8,98,14.35,199.7,97,8.99,9.9,4,2.67,4,"NO"
"2373",114,415,"No","No",0,187.8,109,31.93,154.6,97,13.14,213.9,102,9.63,10.1,3,2.73,2,"NO"
"2385",40,510,"Yes","No",0,220.8,100,37.54,265.7,106,22.58,212.8,94,9.58,6.4,3,1.73,0,"NO"
"2389",161,510,"No","No",0,297.9,141,50.64,238.1,107,20.24,240.5,93,10.82,8.9,5,2.4,1,"YES"
"2395",57,415,"No","No",0,189.3,157,32.18,174.9,70,14.87,221.9,117,9.99,11.2,5,3.02,3,"NO"
"2396",128,510,"No","No",0,199.3,86,33.88,194.8,102,16.56,298.2,82,13.42,14.3,2,3.86,4,"NO"
"2404",21,415,"No","No",0,91.9,109,15.62,198.4,111,16.86,171.7,125,7.73,13,7,3.51,2,"NO"
"2405",56,408,"No","No",0,210.4,80,35.77,176.6,96,15.01,149.7,56,6.74,15.5,4,4.19,1,"NO"
"2407",81,510,"No","No",0,145.6,59,24.75,287.9,131,24.47,181.7,121,8.18,9.2,4,2.48,2,"NO"
"2409",68,415,"No","No",0,232.4,76,39.51,153.3,103,13.03,214.6,107,9.66,10.5,2,2.84,1,"NO"
"2410",183,415,"No","Yes",8,86.5,119,14.71,285.2,97,24.24,180.4,133,8.12,8.7,2,2.35,2,"NO"
"2413",89,415,"No","No",0,326.3,112,55.47,165.1,110,14.03,162.9,97,7.33,7.5,1,2.03,1,"YES"
"2416",114,415,"No","No",0,147.1,119,25.01,161,111,13.69,275.9,106,12.42,9,3,2.43,5,"YES"
"2418",120,408,"No","No",0,98.2,99,16.69,186.7,85,15.87,146.7,96,6.6,9.3,4,2.51,2,"NO"
"2421",100,415,"Yes","No",0,159.9,94,27.18,179.9,95,15.29,154.4,102,6.95,11.6,2,3.13,2,"YES"
"2422",132,415,"No","No",0,197.8,66,33.63,133.9,119,11.38,177.3,94,7.98,10.9,3,2.94,4,"YES"
"2428",83,415,"No","No",0,159.3,104,27.08,202.3,98,17.2,229,73,10.31,9.5,3,2.57,2,"NO"
"2439",92,415,"No","No",0,197.2,113,33.52,242.3,116,20.6,192,76,8.64,11,5,2.97,2,"NO"
"2441",118,510,"No","No",0,205.2,115,34.88,184.8,137,15.71,176.1,115,7.92,7,6,1.89,0,"NO"
"2444",74,415,"No","No",0,102.7,89,17.46,149.3,100,12.69,188.1,114,8.46,11,5,2.97,0,"NO"
"2445",121,415,"No","Yes",31,263.1,70,44.73,279.3,118,23.74,127.1,143,5.72,9.7,4,2.62,5,"NO"
"2458",130,415,"No","Yes",45,174.5,120,29.67,217.5,95,18.49,220.3,67,9.91,12.2,2,3.29,1,"NO"
"2463",92,415,"No","No",0,181.4,98,30.84,164.5,98,13.98,171,110,7.69,10.9,4,2.94,2,"NO"
"2476",1,408,"No","No",0,175.2,74,29.78,151.7,79,12.89,230.5,109,10.37,5.3,3,1.43,1,"NO"
"2477",84,408,"No","No",0,146.8,133,24.96,171.7,73,14.59,234.5,69,10.55,9.9,3,2.67,1,"NO"
"2480",116,510,"Yes","Yes",29,162.3,91,27.59,279.3,79,23.74,192.7,131,8.67,11.7,2,3.16,3,"YES"
"2481",105,415,"Yes","No",0,150,106,25.5,293.8,123,24.97,250.7,65,11.28,10.3,7,2.78,3,"NO"
"2483",157,408,"No","No",0,240.2,67,40.83,153,98,13.01,249,72,11.21,10.2,6,2.75,2,"NO"
"2489",94,415,"No","No",0,181.3,135,30.82,182.4,108,15.5,180.6,103,8.13,6.7,2,1.81,0,"NO"
"2495",148,415,"No","Yes",21,262.9,135,44.69,149.5,96,12.71,140.5,109,6.32,8.1,4,2.19,1,"NO"
"2496",103,408,"No","No",0,160.8,91,27.34,155.8,82,13.24,254.3,103,11.44,8.5,3,2.3,1,"NO"
"2497",143,408,"No","Yes",22,141.8,116,24.11,167.3,99,14.22,178.1,130,8.01,7.8,3,2.11,1,"NO"
"2500",120,415,"No","No",0,252.1,110,42.86,226.1,103,19.22,155.6,83,7,13.8,3,3.73,1,"NO"
"2501",121,415,"No","Yes",41,215.5,95,36.64,241.8,92,20.55,147,108,6.61,9.6,3,2.59,1,"NO"
"2513",62,408,"No","Yes",42,137.3,95,23.34,184.2,94,15.66,231.4,70,10.41,10.2,3,2.75,0,"NO"
"2524",88,510,"No","No",0,144.3,116,24.53,156.4,74,13.29,214.7,90,9.66,7.8,10,2.11,3,"NO"
"2525",106,415,"No","No",0,235.2,121,39.98,220.6,87,18.75,236.3,91,10.63,11.8,4,3.19,1,"NO"
"2527",57,510,"Yes","No",0,115,65,19.55,122.3,96,10.4,245,75,11.03,6.4,1,1.73,0,"YES"
"2529",109,510,"No","No",0,153.1,102,26.03,234.1,77,19.9,329.2,74,14.81,9.9,9,2.67,3,"NO"
"2536",125,408,"No","No",0,113,108,19.21,169.2,107,14.38,156.6,61,7.05,9.2,5,2.48,2,"YES"
"2544",120,408,"No","Yes",28,215.8,123,36.69,285.2,76,24.24,192.1,78,8.64,6.9,3,1.86,1,"NO"
"2546",141,510,"No","No",0,146.5,121,24.91,169.9,125,14.44,238.8,112,10.75,8.2,5,2.21,0,"NO"
"2548",72,415,"No","No",0,139.9,117,23.78,223.6,96,19.01,240.8,93,10.84,12.7,4,3.43,2,"NO"
"2552",102,415,"No","No",0,129.5,56,22.02,354.2,118,30.11,145.5,93,6.55,10.9,3,2.94,1,"NO"
"2558",120,415,"No","No",0,185.7,133,31.57,235.1,149,19.98,256.4,78,11.54,16.9,6,4.56,0,"NO"
"2559",94,408,"No","No",0,136.2,114,23.15,165.1,118,14.03,137.9,71,6.21,9.6,5,2.59,0,"NO"
"2560",115,510,"No","Yes",29,222.6,81,37.84,190.3,109,16.18,201.2,87,9.05,11.5,2,3.11,1,"NO"
"2562",143,510,"No","Yes",33,141.4,130,24.04,186.4,114,15.84,210,111,9.45,7.7,6,2.08,1,"NO"
"2563",110,510,"No","No",0,208,69,35.36,95.1,94,8.08,178.5,129,8.03,8,11,2.16,1,"NO"
"2571",64,415,"No","Yes",43,118.4,100,20.13,144.1,108,12.25,158.1,91,7.11,8.5,6,2.3,1,"NO"
"2572",103,510,"No","No",0,190.9,62,32.45,226.6,53,19.26,230.1,96,10.35,7.8,3,2.11,2,"NO"
"2576",131,415,"No","No",0,131.6,95,22.37,179.3,109,15.24,251.2,129,11.3,15.5,3,4.19,1,"YES"
"2578",157,510,"No","No",0,185.1,92,31.47,213,85,18.11,196.1,85,8.82,8.5,5,2.3,2,"NO"
"2581",155,510,"No","No",0,71.2,90,12.1,304.4,119,25.87,183.3,103,8.25,8.6,4,2.32,0,"NO"
"2586",96,510,"No","No",0,150,122,25.5,218.5,116,18.57,212.4,89,9.56,9.8,1,2.65,3,"NO"
"2589",53,510,"No","Yes",37,167.3,99,28.44,194.7,99,16.55,236.7,112,10.65,12,9,3.24,2,"NO"
"2593",163,415,"No","No",0,202.9,100,34.49,178.6,46,15.18,203.8,116,9.17,12.8,3,3.46,5,"NO"
"2596",25,408,"No","No",0,264.9,80,45.03,281.2,66,23.9,166.1,80,7.47,8.4,4,2.27,1,"YES"
"2599",196,415,"No","No",0,133.1,80,22.63,206.5,120,17.55,221.6,96,9.97,10.3,8,2.78,1,"NO"
"2613",73,510,"No","No",0,234.7,102,39.9,195.7,110,16.63,253.4,71,11.4,8.4,8,2.27,2,"NO"
"2614",48,415,"No","No",0,240,88,40.8,141,117,11.99,128.9,137,5.8,7.1,9,1.92,1,"NO"
"2619",116,510,"Yes","Yes",27,175.5,137,29.84,210.6,60,17.9,294.8,121,13.27,6.9,5,1.86,1,"NO"
"2620",147,408,"Yes","Yes",35,157.5,109,26.78,189.6,67,16.12,227,76,10.22,11.1,2,3,3,"YES"
"2622",84,415,"No","Yes",35,207.5,138,35.28,201,116,17.09,164.5,107,7.4,7.5,16,2.03,4,"NO"
"2626",88,408,"No","No",0,152.9,119,25.99,171.2,107,14.55,257,106,11.57,12,5,3.24,2,"NO"
"2631",148,408,"No","No",0,153.6,148,26.11,262.1,87,22.28,225.5,99,10.15,9.8,3,2.65,2,"NO"
"2634",63,415,"No","No",0,180.5,126,30.69,230,98,19.55,232.5,73,10.46,10.6,3,2.86,0,"NO"
"2636",76,510,"No","No",0,165.7,94,28.17,257.4,80,21.88,170.8,114,7.69,10,4,2.7,1,"NO"
"2637",104,408,"No","No",0,200.2,92,34.03,118.7,87,10.09,236.6,65,10.65,6,6,1.62,2,"NO"
"2647",101,415,"No","No",0,232.7,114,39.56,186.4,123,15.84,153.3,122,6.9,11.5,6,3.11,5,"NO"
"2661",88,415,"No","No",0,301.5,136,51.26,257.7,72,21.9,132.9,118,5.98,13.4,2,3.62,4,"YES"
"2672",152,408,"No","No",0,140.5,92,23.89,186.8,96,15.88,227,89,10.22,9.5,5,2.57,2,"NO"
"2675",67,415,"No","No",0,109.1,117,18.55,217.4,124,18.48,188.4,141,8.48,12.8,6,3.46,0,"NO"
"2676",60,415,"No","No",0,207.8,109,35.33,123.5,112,10.5,291.6,115,13.12,5.7,9,1.54,0,"NO"
"2686",64,510,"No","No",0,213.5,93,36.3,166.6,114,14.16,122,78,5.49,14.1,3,3.81,3,"NO"
"2687",92,415,"No","Yes",44,152,95,25.84,274.9,73,23.37,162.4,121,7.31,10,1,2.7,2,"NO"
"2690",79,415,"No","No",0,177.9,83,30.24,167.3,84,14.22,223.7,142,10.07,15.2,8,4.1,0,"NO"
"2691",36,415,"No","No",0,235.1,97,39.97,196.8,104,16.73,259.7,110,11.69,7,7,1.89,3,"NO"
"2695",125,415,"No","No",0,240.7,82,40.92,269.4,85,22.9,187.1,74,8.42,10.1,3,2.73,0,"YES"
"2698",134,415,"No","Yes",41,162,82,27.54,324.7,77,27.6,160.1,112,7.2,11.9,5,3.21,0,"NO"
"2700",136,510,"No","No",0,109.4,91,18.6,207.5,111,17.64,135,107,6.08,11.6,5,3.13,0,"NO"
"2711",63,510,"No","No",0,261.8,69,44.51,245,135,20.83,202.1,94,9.09,14.7,4,3.97,0,"YES"
"2718",142,415,"No","Yes",38,163.3,104,27.76,136,114,11.56,249.1,127,11.21,4.3,6,1.16,0,"NO"
"2726",51,408,"No","No",0,169.3,111,28.78,139.5,69,11.86,197,87,8.87,12,3,3.24,0,"NO"
"2738",109,415,"No","No",0,184.1,143,31.3,211.7,105,17.99,243,116,10.93,9.9,2,2.67,1,"NO"
"2752",128,415,"No","No",0,179.4,94,30.5,270.4,92,22.98,191,88,8.59,7.9,4,2.13,0,"NO"
"2764",116,408,"No","Yes",19,155.7,104,26.47,185.4,118,15.76,192.7,116,8.67,8.2,2,2.21,3,"NO"
"2765",123,510,"No","Yes",23,245,88,41.65,265,105,22.53,239.7,108,10.79,14.9,3,4.02,2,"NO"
"2771",84,408,"No","Yes",30,106.5,65,18.11,225.7,108,19.18,188.6,61,8.49,5.7,3,1.54,2,"NO"
"2773",161,408,"No","No",0,154.7,84,26.3,177.8,125,15.11,172.9,90,7.78,5.9,2,1.59,4,"YES"
"2774",134,510,"No","Yes",34,247.2,105,42.02,225.5,133,19.17,186.3,76,8.38,6.1,5,1.65,2,"YES"
"2782",109,415,"No","No",0,222.5,74,37.83,169.7,75,14.42,264.3,94,11.89,9,3,2.43,2,"NO"
"2785",119,408,"No","No",0,239.1,88,40.65,243.5,79,20.7,230.9,92,10.39,10.9,3,2.94,3,"YES"
"2788",78,415,"No","No",0,87.7,74,14.91,214.8,58,18.26,201.3,147,9.06,10.8,6,2.92,1,"NO"
"2789",134,415,"No","No",0,244.1,99,41.5,246.9,111,20.99,200,133,9,7.2,2,1.94,0,"NO"
"2794",107,510,"No","Yes",27,283.4,104,48.18,224.1,152,19.05,241.3,63,10.86,14.4,7,3.89,2,"NO"
"2796",76,510,"No","No",0,90.5,142,15.39,211.7,75,17.99,194.9,76,8.77,9.3,2,2.51,1,"NO"
"2804",104,415,"No","No",0,264,108,44.88,132.2,75,11.24,177.7,91,8,10.6,8,2.86,3,"NO"
"2809",114,415,"No","Yes",25,129,77,21.93,290,110,24.65,177.1,110,7.97,11.6,5,3.13,1,"NO"
"2811",90,415,"No","Yes",42,193.3,66,32.86,263.3,85,22.38,214.4,97,9.65,11.1,4,3,0,"NO"
"2814",52,510,"No","No",0,129.3,80,21.98,142.7,101,12.13,258.3,89,11.62,12.3,4,3.32,3,"NO"
"2824",87,415,"No","No",0,198.3,80,33.71,187,89,15.9,133.5,96,6.01,16.6,4,4.48,2,"NO"
"2831",99,415,"No","No",0,124.6,90,21.18,146.4,70,12.44,169.4,95,7.62,10.5,6,2.84,1,"NO"
"2839",178,415,"No","Yes",35,175.4,88,29.82,190,65,16.15,138.7,94,6.24,10.5,3,2.84,2,"NO"
"2840",112,415,"No","No",0,266,97,45.22,214.6,94,18.24,306.2,100,13.78,14.2,2,3.83,2,"YES"
"2843",121,510,"No","Yes",20,211.9,110,36.02,215.1,120,18.28,238.5,107,10.73,9.4,2,2.54,0,"NO"
"2845",161,415,"No","No",0,173.4,100,29.48,213.7,74,18.16,141.5,69,6.37,11.5,4,3.11,1,"NO"
"2847",104,415,"No","No",0,225.9,123,38.4,162.8,106,13.84,272.1,85,12.24,10.1,4,2.73,1,"NO"
"2848",119,415,"Yes","Yes",32,173,101,29.41,209.4,93,17.8,231.1,91,10.4,12.2,4,3.29,0,"NO"
"2850",156,510,"No","No",0,237.7,122,40.41,181.5,91,15.43,185.7,151,8.36,7.7,4,2.08,1,"NO"
"2853",90,408,"No","No",0,142.4,126,24.21,126.2,118,10.73,274.2,71,12.34,4.6,4,1.24,1,"NO"
"2855",101,510,"No","No",0,220.3,124,37.45,188.6,101,16.03,278.4,98,12.53,10.6,4,2.86,1,"NO"
"2856",95,415,"No","No",0,149.2,96,25.36,260.7,116,22.16,201,120,9.05,8.1,2,2.19,1,"NO"
"2859",141,510,"No","Yes",28,308,123,52.36,247.8,128,21.06,152.9,103,6.88,7.4,3,2,1,"NO"
"2871",121,415,"No","No",0,86.1,100,14.64,259.8,113,22.08,148,79,6.66,9.1,9,2.46,2,"NO"
"2872",125,408,"No","No",0,212.3,89,36.09,215.4,127,18.31,186.8,73,8.41,11.3,2,3.05,2,"NO"
"2873",124,415,"No","No",0,151,98,25.67,120.6,119,10.25,152.8,81,6.88,9.2,2,2.48,2,"NO"
"2878",133,510,"No","No",0,176.8,92,30.06,187.5,97,15.94,196.8,88,8.86,6.5,3,1.76,2,"NO"
"2881",107,415,"No","No",0,260.5,108,44.29,102.4,110,8.7,129.7,148,5.84,9.8,5,2.65,1,"NO"
"2892",159,510,"No","No",0,114.8,98,19.52,192.6,101,16.37,259,108,11.66,12.2,5,3.29,0,"NO"
"2893",103,415,"No","Yes",34,138.8,80,23.6,142,108,12.07,183.8,77,8.27,11.8,7,3.19,1,"NO"
"2914",185,408,"No","No",0,139.6,92,23.73,250.2,115,21.27,158.1,79,7.11,10.8,4,2.92,1,"NO"
"2915",65,415,"No","Yes",34,208.8,119,35.5,142.1,106,12.08,214.6,87,9.66,12.5,4,3.38,4,"NO"
"2918",44,415,"No","No",0,202.6,89,34.44,163,96,13.86,268.1,151,12.06,8.3,3,2.24,0,"NO"
"2921",132,510,"No","No",0,121.5,88,20.66,253,124,21.51,195.7,120,8.81,10.7,4,2.89,1,"NO"
"2931",124,415,"No","No",0,160.9,109,27.35,144.2,152,12.26,120.4,97,5.42,12.9,12,3.48,1,"NO"
"2932",68,415,"No","No",0,207.6,68,35.29,251.6,123,21.39,191.6,100,8.62,10.9,6,2.94,2,"NO"
"2934",98,510,"Yes","No",0,158.4,71,26.93,306.6,66,26.06,144.2,93,6.49,2.1,4,0.57,1,"NO"
"2935",24,408,"No","No",0,149,73,25.33,131,81,11.14,238.6,69,10.74,8.6,3,2.32,2,"YES"
"2938",96,415,"No","Yes",40,108.6,90,18.46,206.4,154,17.54,126.3,118,5.68,13.4,4,3.62,0,"NO"
"2942",112,415,"No","Yes",31,225.2,89,38.28,256.8,117,21.83,249.7,87,11.24,11.5,1,3.11,4,"NO"
"2947",82,415,"No","Yes",19,146.5,73,24.91,246.4,65,20.94,199,114,8.96,4.1,4,1.11,1,"NO"
"2961",1,415,"No","No",0,182.1,106,30.96,134.9,106,11.47,152.3,75,6.85,10,3,2.7,5,"YES"
"2965",99,408,"No","No",0,256.4,44,43.59,214.5,105,18.23,233.7,75,10.52,7.9,1,2.13,3,"YES"
"2967",177,408,"No","No",0,227.8,81,38.73,161.8,97,13.75,217,106,9.76,8,5,2.16,1,"NO"
"2970",116,408,"No","No",0,110.9,54,18.85,213.4,82,18.14,186.2,116,8.38,7.9,2,2.13,2,"NO"
"2972",148,415,"Yes","No",0,233.5,81,39.7,187.7,71,15.95,122.3,97,5.5,9.6,2,2.59,0,"YES"
"2976",80,415,"No","No",0,151.5,89,25.76,131.7,78,11.19,235.3,131,10.59,11.8,4,3.19,0,"NO"
"2977",122,415,"Yes","No",0,146.3,117,24.87,218.7,93,18.59,236,97,10.62,11.5,5,3.11,1,"NO"
"2983",87,510,"No","No",0,153.3,106,26.06,224.5,117,19.08,273.4,152,12.3,8.9,5,2.4,2,"NO"
"2984",150,415,"No","No",0,214,117,36.38,192.4,89,16.35,242.6,99,10.92,7.9,4,2.13,1,"NO"
"2990",108,408,"Yes","No",0,115.1,114,19.57,211.3,70,17.96,136.1,85,6.12,13.8,3,3.73,2,"YES"
"2992",101,415,"Yes","No",0,156.4,116,26.59,130.4,114,11.08,207.3,109,9.33,7.3,5,1.97,1,"NO"
"2993",182,415,"No","Yes",24,128.1,104,21.78,143.4,127,12.19,191,98,8.59,11.6,3,3.13,1,"NO"
"2994",161,408,"No","No",0,196.6,73,33.42,170.2,79,14.47,194.3,79,8.74,12.5,3,3.38,1,"NO"
"2996",69,415,"No","Yes",31,194.9,63,33.13,191.6,90,16.29,153,129,6.89,13.2,2,3.56,2,"NO"
"3002",117,408,"No","No",0,119,82,20.23,187.5,108,15.94,189.3,97,8.52,11.5,3,3.11,1,"NO"
"3003",177,415,"No","No",0,266.1,91,45.24,225.2,79,19.14,224.7,58,10.11,8.9,8,2.4,3,"YES"
"3005",76,415,"No","No",0,171.1,78,29.09,257.2,83,21.86,91.6,92,4.12,16.2,3,4.37,1,"NO"
"3011",185,408,"No","No",0,55.6,97,9.45,288.7,83,24.54,111.2,110,5,12.1,3,3.27,2,"NO"
"3015",153,510,"No","No",0,166.8,127,28.36,143.5,121,12.2,210.7,130,9.48,11.8,4,3.19,0,"NO"
"3016",132,415,"No","Yes",25,113.2,96,19.24,269.9,107,22.94,229.1,87,10.31,7.1,7,1.92,2,"NO"
"3017",148,510,"No","No",0,203,92,34.51,150.9,125,12.83,245.5,131,11.05,14.6,9,3.94,1,"NO"
"3018",141,408,"No","No",0,242.8,90,41.28,234.1,80,19.9,211.5,104,9.52,6,3,1.62,5,"NO"
"3029",129,415,"No","No",0,150,98,25.5,232.4,101,19.75,261.2,123,11.75,12.5,6,3.38,1,"NO"
"3030",67,415,"No","Yes",34,161.7,114,27.49,207.6,115,17.65,205.7,114,9.26,9.2,4,2.48,0,"NO"
"3034",135,510,"No","No",0,144.1,115,24.5,249.8,68,21.23,211.4,82,9.51,13.6,3,3.67,1,"NO"
"3035",75,415,"No","Yes",42,248.9,93,42.31,170.8,108,14.52,104.5,91,4.7,11.2,8,3.02,1,"NO"
"3039",121,510,"No","Yes",28,110,94,18.7,141.5,76,12.03,237.3,87,10.68,6.4,3,1.73,2,"NO"
"3041",90,415,"No","No",0,145.6,103,24.75,197.1,137,16.75,294.5,83,13.25,10.5,4,2.84,0,"NO"
"3046",57,415,"No","No",0,272.7,74,46.36,224.9,85,19.12,178.2,104,8.02,10.5,3,2.84,2,"YES"
"3053",103,415,"No","No",0,129.3,103,21.98,202.8,89,17.24,233,126,10.49,12.9,2,3.48,2,"NO"
"3055",141,415,"No","No",0,185.1,126,31.47,233,98,19.81,152.2,106,6.85,9.1,7,2.46,0,"NO"
"3057",131,510,"No","No",0,263.4,123,44.78,151.9,74,12.91,218.5,101,9.83,10.7,2,2.89,2,"NO"
"3060",116,510,"No","Yes",35,118,103,20.06,167.2,106,14.21,205.7,102,9.26,11.8,2,3.19,2,"NO"
"3062",90,408,"No","No",0,222,93,37.74,187,103,15.9,282.3,124,12.7,12.4,6,3.35,2,"NO"
"3064",63,408,"No","Yes",25,190,137,32.3,116.6,76,9.91,141.5,110,6.37,12.2,2,3.29,1,"NO"
"3083",130,510,"No","No",0,203.9,63,34.66,191.8,93,16.3,132.5,125,5.96,12.1,4,3.27,3,"NO"
"3087",54,510,"Yes","No",0,236.3,91,40.17,152.8,130,12.99,160.3,98,7.21,11.2,8,3.02,3,"NO"
"3089",100,415,"No","Yes",29,213.6,127,36.31,175.9,82,14.95,207.2,100,9.32,8.9,3,2.4,1,"NO"
"3092",117,408,"No","No",0,97.1,98,16.51,228,131,19.38,240,111,10.8,10.6,3,2.86,1,"NO"
"3103",100,415,"No","Yes",32,125.2,123,21.28,230.9,101,19.63,192,106,8.64,12.6,9,3.4,3,"NO"
"3106",57,415,"No","No",0,221.1,101,37.59,236.7,65,20.12,252.3,137,11.35,9.5,1,2.57,0,"NO"
"3107",119,408,"No","Yes",26,132,100,22.44,173.3,121,14.73,203.5,108,9.16,11.6,5,3.13,1,"NO"
"3110",139,415,"Yes","No",0,161.5,121,27.46,192.9,137,16.4,168.3,96,7.57,11.2,13,3.02,0,"NO"
"3114",108,415,"No","No",0,291.6,99,49.57,221.1,93,18.79,229.2,110,10.31,14,9,3.78,2,"YES"
"3117",149,408,"No","No",0,187.6,83,31.89,201.4,81,17.12,264.2,79,11.89,8.8,1,2.38,1,"NO"
"3119",131,408,"No","Yes",33,177.1,100,30.11,194,85,16.49,253.4,124,11.4,5.2,5,1.4,1,"NO"
"3121",96,415,"No","Yes",21,247.6,95,42.09,256.3,150,21.79,158.6,72,7.14,10.8,6,2.92,2,"NO"
"3125",75,408,"No","Yes",24,225.5,119,38.34,182,108,15.47,270.9,106,12.19,9.4,2,2.54,3,"NO"
"3126",40,510,"No","No",0,169.7,115,28.85,141.4,123,12.02,253,115,11.39,10.5,3,2.84,4,"YES"
"3127",108,415,"No","No",0,239.3,102,40.68,223.4,127,18.99,251.4,104,11.31,10.6,6,2.86,0,"NO"
"3129",16,415,"No","No",0,161.9,100,27.52,230.1,138,19.56,148.8,78,6.7,10.2,11,2.75,3,"NO"
"3131",108,510,"No","Yes",25,170.7,88,29.02,109.9,113,9.34,165.7,99,7.46,8.7,1,2.35,3,"NO"
"3132",107,510,"No","No",0,189.7,76,32.25,156.1,65,13.27,244,91,10.98,8.3,3,2.24,5,"NO"
"3133",161,415,"No","No",0,322.3,100,54.79,230.4,135,19.58,241.5,104,10.87,7.8,5,2.11,2,"YES"
"3139",91,408,"No","No",0,147.2,121,25.02,175.2,87,14.89,136.3,80,6.13,13.3,3,3.59,2,"NO"
"3144",104,415,"No","No",0,109.1,141,18.55,187.1,140,15.9,216.6,100,9.75,10,4,2.7,3,"NO"
"3147",143,510,"No","No",0,155.4,112,26.42,290.9,92,24.73,228.4,91,10.28,13.9,5,3.75,1,"NO"
"3149",60,415,"Yes","No",0,205.9,97,35,277.4,117,23.58,202,139,9.09,11,2,2.97,0,"YES"
"3150",41,510,"No","No",0,207.2,138,35.22,214.1,83,18.2,193,105,8.69,11.9,4,3.21,1,"NO"
"3160",27,415,"No","No",0,227.4,67,38.66,248,115,21.08,61.4,109,2.76,7.8,6,2.11,1,"NO"
"3163",81,415,"No","No",0,129.9,121,22.08,230.1,105,19.56,140.5,123,6.32,13.3,3,3.59,0,"NO"
"3176",51,510,"No","Yes",28,276.7,121,47.04,203.7,99,17.31,246.2,88,11.08,8.3,3,2.24,0,"NO"
"3177",122,415,"No","No",0,141.4,128,24.04,146.4,70,12.44,123,75,5.54,8.1,4,2.19,0,"NO"
"3188",58,408,"No","Yes",39,211.9,40,36.02,274.4,76,23.32,210.5,139,9.47,5.4,4,1.46,1,"NO"
"3189",148,415,"Yes","No",0,218.7,111,37.18,155.6,133,13.23,277.4,62,12.48,8.2,5,2.21,1,"NO"
"3192",87,415,"No","No",0,240,83,40.8,134.1,106,11.4,189.1,84,8.51,9.3,2,2.51,0,"YES"
"3198",30,415,"No","No",0,247.4,107,42.06,175.9,76,14.95,287.4,90,12.93,11.3,2,3.05,0,"NO"
"3200",152,510,"No","No",0,161.4,84,27.44,163.6,88,13.91,153.2,121,6.89,11.8,5,3.19,1,"NO"
"3201",100,510,"Yes","No",0,107.2,98,18.22,86.8,122,7.38,156.2,117,7.03,9.7,4,2.62,1,"NO"
"3204",142,510,"No","Yes",40,230.7,101,39.22,256.8,88,21.83,263.9,92,11.88,6.4,3,1.73,1,"NO"
"3209",79,415,"No","No",0,236.8,135,40.26,186.4,87,15.84,126.9,112,5.71,10.4,5,2.81,2,"NO"
"3210",68,415,"Yes","Yes",24,125.7,92,21.37,275.9,98,23.45,214.5,108,9.65,14.2,6,3.83,3,"YES"
"3212",103,415,"No","No",0,70.9,134,12.05,134.5,112,11.43,168.8,164,7.6,12,6,3.24,2,"NO"
"3216",23,510,"No","Yes",31,156.6,84,26.62,161.5,96,13.73,294.6,107,13.26,9.4,6,2.54,1,"NO"
"3217",221,510,"No","Yes",24,180.5,85,30.69,224.1,92,19.05,205.7,103,9.26,2.4,3,0.65,0,"NO"
"3218",164,510,"No","Yes",30,238.8,100,40.6,230,121,19.55,206.3,66,9.28,13.2,8,3.56,1,"NO"
"3219",104,415,"No","Yes",18,182.1,66,30.96,213.6,65,18.16,193,108,8.69,13.4,9,3.62,2,"NO"
"3225",115,415,"No","No",0,226.4,101,38.49,276.8,60,23.53,213.4,82,9.6,12.3,4,3.32,3,"YES"
"3226",33,408,"No","No",0,251.9,81,42.82,194.6,96,16.54,211.2,87,9.5,8.4,3,2.27,2,"NO"
"3228",209,415,"No","No",0,153.7,105,26.13,188.6,87,16.03,200.8,95,9.04,10.7,2,2.89,0,"NO"
"3231",87,408,"No","No",0,186.9,79,31.77,182.6,105,15.52,143.1,90,6.44,4.2,14,1.13,1,"NO"
"3233",142,510,"No","No",0,232.1,102,39.46,168.2,110,14.3,197.3,120,8.88,9.9,3,2.67,1,"NO"
"3239",121,510,"No","No",0,255.1,93,43.37,266.9,97,22.69,197.7,118,8.9,8.8,3,2.38,3,"YES"
"3240",87,415,"No","Yes",33,125,99,21.25,235.3,81,20,215.3,95,9.69,10.2,7,2.75,2,"NO"
"3244",113,415,"Yes","No",0,122.2,112,20.77,131.7,94,11.19,169.5,106,7.63,10.3,9,2.78,5,"YES"
"3248",146,510,"No","No",0,138.4,104,23.53,158.9,122,13.51,47.4,73,2.13,3.9,9,1.05,4,"YES"
"3250",160,415,"No","No",0,206.3,66,35.07,241.1,109,20.49,227.8,102,10.25,11.7,6,3.16,0,"NO"
"3252",88,408,"No","No",0,274.6,105,46.68,161.1,121,13.69,194.4,123,8.75,9.2,4,2.48,2,"NO"
"3257",115,408,"No","No",0,268,115,45.56,153.6,106,13.06,232.3,65,10.45,17,1,4.59,3,"NO"
"3269",84,415,"No","No",0,289.1,100,49.15,233.8,97,19.87,223.5,148,10.06,12.7,2,3.43,2,"YES"
"3276",120,510,"No","Yes",27,128.5,115,21.85,163.7,91,13.91,242.9,121,10.93,0,0,0,1,"NO"
"3277",142,510,"No","Yes",22,224.4,114,38.15,146,106,12.41,241.4,98,10.86,8.8,2,2.38,1,"NO"
"3281",76,408,"No","No",0,107.3,140,18.24,238.2,133,20.25,271.8,116,12.23,10,3,2.7,4,"YES"
"3283",99,415,"No","Yes",31,244.1,71,41.5,203.4,58,17.29,234,115,10.53,7.7,4,2.08,3,"NO"
"3291",127,510,"No","No",0,107.9,128,18.34,187,77,15.9,218.5,95,9.83,0,0,0,0,"NO"
"3292",119,510,"Yes","Yes",22,172.1,119,29.26,223.6,133,19.01,150,94,6.75,13.9,20,3.75,1,"YES"
"3295",116,408,"No","No",0,51.1,106,8.69,208.6,137,17.73,198,92,8.91,12.3,3,3.32,1,"NO"
"3297",74,510,"No","No",0,203.8,77,34.65,205.1,111,17.43,154.9,109,6.97,9,2,2.43,1,"NO"
"3309",45,415,"No","No",0,211.3,87,35.92,165.7,97,14.08,265.9,72,11.97,13.3,6,3.59,1,"NO"
"3310",100,408,"Yes","No",0,219.4,112,37.3,225.7,102,19.18,255.3,95,11.49,12,4,3.24,4,"NO"
"3313",181,408,"No","No",0,229.9,130,39.08,144.4,93,12.27,262.4,110,11.81,14.2,4,3.83,2,"NO"
"3318",163,415,"Yes","No",0,197.2,90,33.52,188.5,113,16.02,211.1,94,9.5,7.8,8,2.11,1,"NO"
"3324",117,415,"No","No",0,118.4,126,20.13,249.3,97,21.19,227,56,10.22,13.6,3,3.67,5,"YES"
"3326",78,408,"No","No",0,193.4,99,32.88,116.9,88,9.94,243.3,109,10.95,9.3,4,2.51,2,"NO"
"3332",184,510,"Yes","No",0,213.8,105,36.35,159.6,84,13.57,139.2,137,6.26,5,10,1.35,2,"NO"
